Base Model,Dataset,Config,Original_Subdir,Mean P_500
Pythia-12B,arxiv,awq-b4-gs32-zp1,_scratch_ar7789_llm_quant_saved_qmodels_tmp_EleutherAI_pythia-12b-deduped-awq-b4-gs32-zp1,0.08673148919165777
Pythia-12B,arxiv,gptq-b4-gs128-da0,_scratch_ar7789_llm_quant_saved_qmodels_tmp_EleutherAI_pythia-12b-deduped-gptq-b4-gs128-da0,0.09737787990886082
Pythia-12B,arxiv,gptq-b8-gs-1-da1,_scratch_ar7789_llm_quant_saved_qmodels_tmp_EleutherAI_pythia-12b-deduped-gptq-b8-gs-1-da1,0.105004753813525
Pythia-12B,arxiv,gptq-b8-gs128-da1,_scratch_ar7789_llm_quant_saved_qmodels_tmp_EleutherAI_pythia-12b-deduped-gptq-b8-gs128-da1,0.11586456376027791
Pythia-12B,arxiv,EleutherAI_pythia-12b-deduped,EleutherAI_pythia-12b-deduped,0.12171275443265668
Pythia-12B,arxiv,gptq-b4-gs32-da0,_scratch_ar7789_llm_quant_saved_qmodels_tmp_EleutherAI_pythia-12b-deduped-gptq-b4-gs32-da0,0.12224087570057111
Pythia-12B,arxiv,static-4bit-nf4-dq-float32,_scratch_ar7789_llm_quant_saved_qmodels_tmp_EleutherAI_pythia-12b-deduped-static-4bit-nf4-dq-float32,0.1275520533548179
Pythia-12B,arxiv,gptq-b8-gs-1-da0,_scratch_ar7789_llm_quant_saved_qmodels_tmp_EleutherAI_pythia-12b-deduped-gptq-b8-gs-1-da0,0.13053422763901132
Pythia-12B,arxiv,static-4bit-nf4-dq-float16,_scratch_ar7789_llm_quant_saved_qmodels_tmp_EleutherAI_pythia-12b-deduped-static-4bit-nf4-dq-float16,0.13267996270810525
Pythia-12B,arxiv,static-4bit-fp4-bfloat16,_scratch_ar7789_llm_quant_saved_qmodels_tmp_EleutherAI_pythia-12b-deduped-static-4bit-fp4-dq-bfloat16,0.1599163646663772
Pythia-12B,arxiv,static-4bit-fp4-dq-float16,_scratch_ar7789_llm_quant_saved_qmodels_tmp_EleutherAI_pythia-12b-deduped-static-4bit-fp4-dq-float16,0.16806704462279276
Pythia-12B,arxiv,gptq-b8-gs64-da0,_scratch_ar7789_llm_quant_saved_qmodels_tmp_EleutherAI_pythia-12b-deduped-gptq-b8-gs64-da0,0.16884093149993773
Pythia-12B,arxiv,gptq-b8-gs32-da1,_scratch_ar7789_llm_quant_saved_qmodels_tmp_EleutherAI_pythia-12b-deduped-gptq-b8-gs32-da1,0.17333011132344622
Pythia-12B,arxiv,gptq-b3-gs-1-da0,_scratch_ar7789_llm_quant_saved_qmodels_tmp_EleutherAI_pythia-12b-deduped-gptq-b3-gs-1-da0,0.18212904286865578
Pythia-12B,arxiv,gptq-b4-gs64-da0,_scratch_ar7789_llm_quant_saved_qmodels_tmp_EleutherAI_pythia-12b-deduped-gptq-b4-gs64-da0,0.19930445856637
Pythia-12B,arxiv,static-4bit-nf4-bfloat16,_scratch_ar7789_llm_quant_saved_qmodels_tmp_EleutherAI_pythia-12b-deduped-static-4bit-nf4-bfloat16,0.21491324802875011
Pythia-12B,arxiv,gptq-b4-gs-1-da0,_scratch_ar7789_llm_quant_saved_qmodels_tmp_EleutherAI_pythia-12b-deduped-gptq-b4-gs-1-da0,0.21894367478632568
Pythia-12B,arxiv,gptq-b4-gs128-da1,_scratch_ar7789_llm_quant_saved_qmodels_tmp_EleutherAI_pythia-12b-deduped-gptq-b4-gs128-da1,0.22580721529566744
Pythia-12B,arxiv,gptq-b4-gs32-da1,_scratch_ar7789_llm_quant_saved_qmodels_tmp_EleutherAI_pythia-12b-deduped-gptq-b4-gs32-da1,0.23085670346723242
Pythia-12B,arxiv,gptq-b4-gs64-da1,_scratch_ar7789_llm_quant_saved_qmodels_tmp_EleutherAI_pythia-12b-deduped-gptq-b4-gs64-da1,0.23096383162011663
Pythia-12B,arxiv,gptq-b3-gs64-da0,_scratch_ar7789_llm_quant_saved_qmodels_tmp_EleutherAI_pythia-12b-deduped-gptq-b3-gs64-da0,0.23362339665376833
Pythia-12B,arxiv,gptq-b8-gs64-da1,_scratch_ar7789_llm_quant_saved_qmodels_tmp_EleutherAI_pythia-12b-deduped-gptq-b8-gs64-da1,0.24979147882877206
Pythia-12B,arxiv,static-4bit-fp4-float16,_scratch_ar7789_llm_quant_saved_qmodels_tmp_EleutherAI_pythia-12b-deduped-static-4bit-fp4-float16,0.26458167665376986
Pythia-12B,arxiv,gptq-b8-gs128-da0,_scratch_ar7789_llm_quant_saved_qmodels_tmp_EleutherAI_pythia-12b-deduped-gptq-b8-gs128-da0,0.29466374389029315
Pythia-12B,arxiv,static-4bit-nf4-dq-bfloat16,_scratch_ar7789_llm_quant_saved_qmodels_tmp_EleutherAI_pythia-12b-deduped-static-4bit-nf4-dq-bfloat16,0.3047977542544106
Pythia-12B,arxiv,static-4bit-nf4-float16,_scratch_ar7789_llm_quant_saved_qmodels_tmp_EleutherAI_pythia-12b-deduped-static-4bit-nf4-float16,0.31223738597785355
Pythia-12B,arxiv,awq-b4-gs64-zp1,_scratch_ar7789_llm_quant_saved_qmodels_tmp_EleutherAI_pythia-12b-deduped-awq-b4-gs64-zp1,0.32564007680353657
Pythia-12B,arxiv,static-4bit-fp4-bfloat16,_scratch_ar7789_llm_quant_saved_qmodels_tmp_EleutherAI_pythia-12b-deduped-static-4bit-fp4-bfloat16,0.3573870230821206
Pythia-12B,arxiv,gptq-b3-gs128-da1,_scratch_ar7789_llm_quant_saved_qmodels_tmp_EleutherAI_pythia-12b-deduped-gptq-b3-gs128-da1,0.3602228274200749
Pythia-12B,arxiv,gptq-b3-gs-1-da1,_scratch_ar7789_llm_quant_saved_qmodels_tmp_EleutherAI_pythia-12b-deduped-gptq-b3-gs-1-da1,0.3631574101506702
Pythia-12B,arxiv,gptq-b8-gs32-da0,_scratch_ar7789_llm_quant_saved_qmodels_tmp_EleutherAI_pythia-12b-deduped-gptq-b8-gs32-da0,0.3717006155203789
Pythia-12B,arxiv,static-4bit-fp4-dq-float32,_scratch_ar7789_llm_quant_saved_qmodels_tmp_EleutherAI_pythia-12b-deduped-static-4bit-fp4-dq-float32,0.37713445105498444
Pythia-12B,arxiv,gptq-b4-gs-1-da1,_scratch_ar7789_llm_quant_saved_qmodels_tmp_EleutherAI_pythia-12b-deduped-gptq-b4-gs-1-da1,0.3829735355194356
Pythia-12B,arxiv,static-4bit-nf4-float32,_scratch_ar7789_llm_quant_saved_qmodels_tmp_EleutherAI_pythia-12b-deduped-static-4bit-nf4-float32,0.43270135899817397
Pythia-12B,arxiv,gptq-b3-gs32-da0,_scratch_ar7789_llm_quant_saved_qmodels_tmp_EleutherAI_pythia-12b-deduped-gptq-b3-gs32-da0,0.4355644227340253
Pythia-12B,arxiv,gptq-b3-gs128-da0,_scratch_ar7789_llm_quant_saved_qmodels_tmp_EleutherAI_pythia-12b-deduped-gptq-b3-gs128-da0,0.4359177539702187
Pythia-12B,arxiv,gptq-b3-gs64-da1,_scratch_ar7789_llm_quant_saved_qmodels_tmp_EleutherAI_pythia-12b-deduped-gptq-b3-gs64-da1,0.4661344682825644
Pythia-12B,arxiv,static-4bit-fp4-float32,_scratch_ar7789_llm_quant_saved_qmodels_tmp_EleutherAI_pythia-12b-deduped-static-4bit-fp4-float32,0.49840746719763185
Pythia-12B,arxiv,gptq-b2-gs64-da1,_scratch_ar7789_llm_quant_saved_qmodels_tmp_EleutherAI_pythia-12b-deduped-gptq-b2-gs64-da1,0.5091335738260326
Pythia-12B,arxiv,gptq-b2-gs128-da1,_scratch_ar7789_llm_quant_saved_qmodels_tmp_EleutherAI_pythia-12b-deduped-gptq-b2-gs128-da1,0.5574700582825234
Pythia-12B,arxiv,gptq-b3-gs32-da1,_scratch_ar7789_llm_quant_saved_qmodels_tmp_EleutherAI_pythia-12b-deduped-gptq-b3-gs32-da1,0.5612421538339343
Pythia-12B,arxiv,gptq-b2-gs32-da0,_scratch_ar7789_llm_quant_saved_qmodels_tmp_EleutherAI_pythia-12b-deduped-gptq-b2-gs32-da0,0.6025053975938683
Pythia-12B,arxiv,gptq-b2-gs32-da1,_scratch_ar7789_llm_quant_saved_qmodels_tmp_EleutherAI_pythia-12b-deduped-gptq-b2-gs32-da1,0.6474095998277514
Pythia-12B,arxiv,gptq-b2-gs-1-da1,_scratch_ar7789_llm_quant_saved_qmodels_tmp_EleutherAI_pythia-12b-deduped-gptq-b2-gs-1-da1,0.7027134993760487
Pythia-12B,arxiv,gptq-b2-gs64-da0,_scratch_ar7789_llm_quant_saved_qmodels_tmp_EleutherAI_pythia-12b-deduped-gptq-b2-gs64-da0,0.7426708336204071
Pythia-12B,arxiv,gptq-b2-gs128-da0,_scratch_ar7789_llm_quant_saved_qmodels_tmp_EleutherAI_pythia-12b-deduped-gptq-b2-gs128-da0,0.8581612795457717
Pythia-12B,arxiv,gptq-b2-gs-1-da0,_scratch_ar7789_llm_quant_saved_qmodels_tmp_EleutherAI_pythia-12b-deduped-gptq-b2-gs-1-da0,0.8804392255140779
Pythia-12B,bookcorpus2,awq-b4-gs32-zp1,_scratch_ar7789_llm_quant_saved_qmodels_tmp_EleutherAI_pythia-12b-deduped-awq-b4-gs32-zp1,2.531083864665672e-20
Pythia-12B,bookcorpus2,awq-b4-gs64-zp1,_scratch_ar7789_llm_quant_saved_qmodels_tmp_EleutherAI_pythia-12b-deduped-awq-b4-gs64-zp1,6.851811179898715e-20
Pythia-12B,bookcorpus2,EleutherAI_pythia-12b-deduped,EleutherAI_pythia-12b-deduped,9.469667658967152e-20
Pythia-12B,bookcorpus2,awq-b4-gs128-zp1,_scratch_ar7789_llm_quant_saved_qmodels_tmp_EleutherAI_pythia-12b-deduped-awq-b4-gs128-zp1,8.400551667048774e-18
Pythia-12B,books3,awq-b4-gs128-zp1,_scratch_ar7789_llm_quant_saved_qmodels_tmp_EleutherAI_pythia-12b-deduped-awq-b4-gs128-zp1,2.4798277972402947e-12
Pythia-12B,books3,awq-b4-gs64-zp1,_scratch_ar7789_llm_quant_saved_qmodels_tmp_EleutherAI_pythia-12b-deduped-awq-b4-gs64-zp1,2.2175644257539326e-10
Pythia-12B,books3,EleutherAI_pythia-12b-deduped,EleutherAI_pythia-12b-deduped,3.867060677445332e-08
Pythia-12B,books3,awq-b4-gs32-zp1,_scratch_ar7789_llm_quant_saved_qmodels_tmp_EleutherAI_pythia-12b-deduped-awq-b4-gs32-zp1,1.027935127064737e-07
Pythia-12B,cc,gptq-b8-gs-1-da1,_scratch_ar7789_llm_quant_saved_qmodels_tmp_EleutherAI_pythia-12b-deduped-gptq-b8-gs-1-da1,6.38962692685396e-05
Pythia-12B,cc,gptq-b4-gs128-da1,_scratch_ar7789_llm_quant_saved_qmodels_tmp_EleutherAI_pythia-12b-deduped-gptq-b4-gs128-da1,0.00014675606760760599
Pythia-12B,cc,gptq-b4-gs64-da1,_scratch_ar7789_llm_quant_saved_qmodels_tmp_EleutherAI_pythia-12b-deduped-gptq-b4-gs64-da1,0.0001542509843050881
Pythia-12B,cc,gptq-b4-gs32-da0,_scratch_ar7789_llm_quant_saved_qmodels_tmp_EleutherAI_pythia-12b-deduped-gptq-b4-gs32-da0,0.00035562791162578654
Pythia-12B,cc,gptq-b8-gs128-da0,_scratch_ar7789_llm_quant_saved_qmodels_tmp_EleutherAI_pythia-12b-deduped-gptq-b8-gs128-da0,0.0004676441897990233
Pythia-12B,cc,static-4bit-fp4-dq-float16,_scratch_ar7789_llm_quant_saved_qmodels_tmp_EleutherAI_pythia-12b-deduped-static-4bit-fp4-dq-float16,0.0006413164720126153
Pythia-12B,cc,gptq-b8-gs-1-da0,_scratch_ar7789_llm_quant_saved_qmodels_tmp_EleutherAI_pythia-12b-deduped-gptq-b8-gs-1-da0,0.0010858533699147307
Pythia-12B,cc,gptq-b4-gs-1-da1,_scratch_ar7789_llm_quant_saved_qmodels_tmp_EleutherAI_pythia-12b-deduped-gptq-b4-gs-1-da1,0.0014241246984033923
Pythia-12B,cc,gptq-b8-gs64-da1,_scratch_ar7789_llm_quant_saved_qmodels_tmp_EleutherAI_pythia-12b-deduped-gptq-b8-gs64-da1,0.001538339886089161
Pythia-12B,cc,gptq-b8-gs32-da0,_scratch_ar7789_llm_quant_saved_qmodels_tmp_EleutherAI_pythia-12b-deduped-gptq-b8-gs32-da0,0.0022005930913388577
Pythia-12B,cc,EleutherAI_pythia-12b-deduped,EleutherAI_pythia-12b-deduped,0.0030652104485881285
Pythia-12B,cc,static-4bit-fp4-float16,_scratch_ar7789_llm_quant_saved_qmodels_tmp_EleutherAI_pythia-12b-deduped-static-4bit-fp4-float16,0.0033865770302053838
Pythia-12B,cc,gptq-b8-gs32-da1,_scratch_ar7789_llm_quant_saved_qmodels_tmp_EleutherAI_pythia-12b-deduped-gptq-b8-gs32-da1,0.00373230296062827
Pythia-12B,cc,gptq-b4-gs128-da0,_scratch_ar7789_llm_quant_saved_qmodels_tmp_EleutherAI_pythia-12b-deduped-gptq-b4-gs128-da0,0.004575557482280892
Pythia-12B,cc,gptq-b4-gs32-da1,_scratch_ar7789_llm_quant_saved_qmodels_tmp_EleutherAI_pythia-12b-deduped-gptq-b4-gs32-da1,0.004786119722497743
Pythia-12B,cc,awq-b4-gs128-zp1,_scratch_ar7789_llm_quant_saved_qmodels_tmp_EleutherAI_pythia-12b-deduped-awq-b4-gs128-zp1,0.00505689025414451
Pythia-12B,cc,gptq-b8-gs128-da1,_scratch_ar7789_llm_quant_saved_qmodels_tmp_EleutherAI_pythia-12b-deduped-gptq-b8-gs128-da1,0.0059210476103894304
Pythia-12B,cc,static-4bit-nf4-float16,_scratch_ar7789_llm_quant_saved_qmodels_tmp_EleutherAI_pythia-12b-deduped-static-4bit-nf4-float16,0.0062163584480912654
Pythia-12B,cc,static-4bit-nf4-dq-float32,_scratch_ar7789_llm_quant_saved_qmodels_tmp_EleutherAI_pythia-12b-deduped-static-4bit-nf4-dq-float32,0.006223717600482645
Pythia-12B,cc,awq-b4-gs32-zp1,_scratch_ar7789_llm_quant_saved_qmodels_tmp_EleutherAI_pythia-12b-deduped-awq-b4-gs32-zp1,0.006525910383033483
Pythia-12B,cc,gptq-b4-gs64-da0,_scratch_ar7789_llm_quant_saved_qmodels_tmp_EleutherAI_pythia-12b-deduped-gptq-b4-gs64-da0,0.010151871991845392
Pythia-12B,cc,awq-b4-gs64-zp1,_scratch_ar7789_llm_quant_saved_qmodels_tmp_EleutherAI_pythia-12b-deduped-awq-b4-gs64-zp1,0.010791085603003885
Pythia-12B,cc,gptq-b4-gs-1-da0,_scratch_ar7789_llm_quant_saved_qmodels_tmp_EleutherAI_pythia-12b-deduped-gptq-b4-gs-1-da0,0.011625741526269953
Pythia-12B,cc,static-4bit-fp4-bfloat16,_scratch_ar7789_llm_quant_saved_qmodels_tmp_EleutherAI_pythia-12b-deduped-static-4bit-fp4-dq-bfloat16,0.012298164848910281
Pythia-12B,cc,static-4bit-fp4-float32,_scratch_ar7789_llm_quant_saved_qmodels_tmp_EleutherAI_pythia-12b-deduped-static-4bit-fp4-float32,0.013015664198276258
Pythia-12B,cc,static-4bit-nf4-float32,_scratch_ar7789_llm_quant_saved_qmodels_tmp_EleutherAI_pythia-12b-deduped-static-4bit-nf4-float32,0.014133918831341862
Pythia-12B,cc,static-4bit-nf4-dq-bfloat16,_scratch_ar7789_llm_quant_saved_qmodels_tmp_EleutherAI_pythia-12b-deduped-static-4bit-nf4-dq-bfloat16,0.01682735430641649
Pythia-12B,cc,static-4bit-nf4-bfloat16,_scratch_ar7789_llm_quant_saved_qmodels_tmp_EleutherAI_pythia-12b-deduped-static-4bit-nf4-bfloat16,0.02947154760842256
Pythia-12B,cc,static-4bit-nf4-dq-float16,_scratch_ar7789_llm_quant_saved_qmodels_tmp_EleutherAI_pythia-12b-deduped-static-4bit-nf4-dq-float16,0.031240373246774495
Pythia-12B,cc,gptq-b8-gs64-da0,_scratch_ar7789_llm_quant_saved_qmodels_tmp_EleutherAI_pythia-12b-deduped-gptq-b8-gs64-da0,0.03617530368102371
Pythia-12B,cc,static-4bit-fp4-dq-float32,_scratch_ar7789_llm_quant_saved_qmodels_tmp_EleutherAI_pythia-12b-deduped-static-4bit-fp4-dq-float32,0.049800205694533375
Pythia-12B,cc,gptq-b2-gs64-da1,_scratch_ar7789_llm_quant_saved_qmodels_tmp_EleutherAI_pythia-12b-deduped-gptq-b2-gs64-da1,0.0740150422369967
Pythia-12B,cc,gptq-b2-gs64-da0,_scratch_ar7789_llm_quant_saved_qmodels_tmp_EleutherAI_pythia-12b-deduped-gptq-b2-gs64-da0,0.07760003046753679
Pythia-12B,cc,static-4bit-fp4-bfloat16,_scratch_ar7789_llm_quant_saved_qmodels_tmp_EleutherAI_pythia-12b-deduped-static-4bit-fp4-bfloat16,0.08818811968693714
Pythia-12B,cc,gptq-b2-gs32-da1,_scratch_ar7789_llm_quant_saved_qmodels_tmp_EleutherAI_pythia-12b-deduped-gptq-b2-gs32-da1,0.1489273008803767
Pythia-12B,cc,gptq-b2-gs-1-da0,_scratch_ar7789_llm_quant_saved_qmodels_tmp_EleutherAI_pythia-12b-deduped-gptq-b2-gs-1-da0,0.15505283591178737
Pythia-12B,cc,gptq-b2-gs32-da0,_scratch_ar7789_llm_quant_saved_qmodels_tmp_EleutherAI_pythia-12b-deduped-gptq-b2-gs32-da0,0.1872902015841694
Pythia-12B,cc,gptq-b2-gs-1-da1,_scratch_ar7789_llm_quant_saved_qmodels_tmp_EleutherAI_pythia-12b-deduped-gptq-b2-gs-1-da1,0.24843801940461674
Pythia-12B,cc,gptq-b3-gs-1-da0,_scratch_ar7789_llm_quant_saved_qmodels_tmp_EleutherAI_pythia-12b-deduped-gptq-b3-gs-1-da0,0.3018967184368172
Pythia-12B,cc,gptq-b3-gs128-da0,_scratch_ar7789_llm_quant_saved_qmodels_tmp_EleutherAI_pythia-12b-deduped-gptq-b3-gs128-da0,0.33022671091661826
Pythia-12B,cc,gptq-b2-gs128-da0,_scratch_ar7789_llm_quant_saved_qmodels_tmp_EleutherAI_pythia-12b-deduped-gptq-b2-gs128-da0,0.3572246607199169
Pythia-12B,cc,gptq-b2-gs128-da1,_scratch_ar7789_llm_quant_saved_qmodels_tmp_EleutherAI_pythia-12b-deduped-gptq-b2-gs128-da1,0.3606854365670935
Pythia-12B,cc,gptq-b3-gs64-da1,_scratch_ar7789_llm_quant_saved_qmodels_tmp_EleutherAI_pythia-12b-deduped-gptq-b3-gs64-da1,0.38787960278722533
Pythia-12B,cc,gptq-b3-gs128-da1,_scratch_ar7789_llm_quant_saved_qmodels_tmp_EleutherAI_pythia-12b-deduped-gptq-b3-gs128-da1,0.40198057444392
Pythia-12B,cc,gptq-b3-gs32-da1,_scratch_ar7789_llm_quant_saved_qmodels_tmp_EleutherAI_pythia-12b-deduped-gptq-b3-gs32-da1,0.40647336688843627
Pythia-12B,cc,gptq-b3-gs32-da0,_scratch_ar7789_llm_quant_saved_qmodels_tmp_EleutherAI_pythia-12b-deduped-gptq-b3-gs32-da0,0.4243990500600202
Pythia-12B,cc,gptq-b3-gs64-da0,_scratch_ar7789_llm_quant_saved_qmodels_tmp_EleutherAI_pythia-12b-deduped-gptq-b3-gs64-da0,0.5156499340072889
Pythia-12B,cc,gptq-b3-gs-1-da1,_scratch_ar7789_llm_quant_saved_qmodels_tmp_EleutherAI_pythia-12b-deduped-gptq-b3-gs-1-da1,0.5605459973080901
Pythia-12B,europarl,awq-b4-gs32-zp1,_scratch_ar7789_llm_quant_saved_qmodels_tmp_EleutherAI_pythia-12b-deduped-awq-b4-gs32-zp1,2.0408881955127002e-12
Pythia-12B,europarl,awq-b4-gs64-zp1,_scratch_ar7789_llm_quant_saved_qmodels_tmp_EleutherAI_pythia-12b-deduped-awq-b4-gs64-zp1,5.032723500271034e-10
Pythia-12B,europarl,EleutherAI_pythia-12b-deduped,EleutherAI_pythia-12b-deduped,2.082952295104697e-09
Pythia-12B,europarl,awq-b4-gs128-zp1,_scratch_ar7789_llm_quant_saved_qmodels_tmp_EleutherAI_pythia-12b-deduped-awq-b4-gs128-zp1,2.0561477119364013e-08
Pythia-12B,freelaw,EleutherAI_pythia-12b-deduped,EleutherAI_pythia-12b-deduped,0.039707768361468845
Pythia-12B,freelaw,awq-b4-gs32-zp1,_scratch_ar7789_llm_quant_saved_qmodels_tmp_EleutherAI_pythia-12b-deduped-awq-b4-gs32-zp1,0.06059205000257349
Pythia-12B,freelaw,awq-b4-gs128-zp1,_scratch_ar7789_llm_quant_saved_qmodels_tmp_EleutherAI_pythia-12b-deduped-awq-b4-gs128-zp1,0.07049621530744968
Pythia-12B,freelaw,awq-b4-gs64-zp1,_scratch_ar7789_llm_quant_saved_qmodels_tmp_EleutherAI_pythia-12b-deduped-awq-b4-gs64-zp1,0.0797425941918633
Pythia-12B,github,static-4bit-nf4-bfloat16,_scratch_ar7789_llm_quant_saved_qmodels_tmp_EleutherAI_pythia-12b-deduped-static-4bit-nf4-bfloat16,0.003043879356896603
Pythia-12B,github,awq-b4-gs128-zp1,_scratch_ar7789_llm_quant_saved_qmodels_tmp_EleutherAI_pythia-12b-deduped-awq-b4-gs128-zp1,0.003592044598124393
Pythia-12B,github,static-4bit-fp4-dq-float32,_scratch_ar7789_llm_quant_saved_qmodels_tmp_EleutherAI_pythia-12b-deduped-static-4bit-fp4-dq-float32,0.0036409026193703195
Pythia-12B,github,EleutherAI_pythia-12b-deduped,EleutherAI_pythia-12b-deduped,0.003853450884073171
Pythia-12B,github,gptq-b2-gs32-da0,_scratch_ar7789_llm_quant_saved_qmodels_tmp_EleutherAI_pythia-12b-deduped-gptq-b2-gs32-da0,0.015670360186634306
Pythia-12B,github,gptq-b2-gs64-da0,_scratch_ar7789_llm_quant_saved_qmodels_tmp_EleutherAI_pythia-12b-deduped-gptq-b2-gs64-da0,0.015862645767935887
Pythia-12B,github,gptq-b4-gs-1-da0,_scratch_ar7789_llm_quant_saved_qmodels_tmp_EleutherAI_pythia-12b-deduped-gptq-b4-gs-1-da0,0.016397884713832127
Pythia-12B,github,static-4bit-nf4-dq-bfloat16,_scratch_ar7789_llm_quant_saved_qmodels_tmp_EleutherAI_pythia-12b-deduped-static-4bit-nf4-dq-bfloat16,0.01682724065714386
Pythia-12B,github,static-4bit-nf4-float32,_scratch_ar7789_llm_quant_saved_qmodels_tmp_EleutherAI_pythia-12b-deduped-static-4bit-nf4-float32,0.017651052925566908
Pythia-12B,github,gptq-b8-gs32-da0,_scratch_ar7789_llm_quant_saved_qmodels_tmp_EleutherAI_pythia-12b-deduped-gptq-b8-gs32-da0,0.01967368598097773
Pythia-12B,github,static-4bit-fp4-float16,_scratch_ar7789_llm_quant_saved_qmodels_tmp_EleutherAI_pythia-12b-deduped-static-4bit-fp4-float16,0.020575753518382704
Pythia-12B,github,gptq-b4-gs32-da0,_scratch_ar7789_llm_quant_saved_qmodels_tmp_EleutherAI_pythia-12b-deduped-gptq-b4-gs32-da0,0.021211494295145773
Pythia-12B,github,static-4bit-fp4-bfloat16,_scratch_ar7789_llm_quant_saved_qmodels_tmp_EleutherAI_pythia-12b-deduped-static-4bit-fp4-dq-bfloat16,0.023471588827810384
Pythia-12B,github,awq-b4-gs64-zp1,_scratch_ar7789_llm_quant_saved_qmodels_tmp_EleutherAI_pythia-12b-deduped-awq-b4-gs64-zp1,0.023474800411617622
Pythia-12B,github,gptq-b4-gs64-da1,_scratch_ar7789_llm_quant_saved_qmodels_tmp_EleutherAI_pythia-12b-deduped-gptq-b4-gs64-da1,0.02395560385556602
Pythia-12B,github,gptq-b4-gs128-da0,_scratch_ar7789_llm_quant_saved_qmodels_tmp_EleutherAI_pythia-12b-deduped-gptq-b4-gs128-da0,0.024543174968237755
Pythia-12B,github,static-4bit-fp4-float32,_scratch_ar7789_llm_quant_saved_qmodels_tmp_EleutherAI_pythia-12b-deduped-static-4bit-fp4-float32,0.025330292644697845
Pythia-12B,github,gptq-b8-gs128-da1,_scratch_ar7789_llm_quant_saved_qmodels_tmp_EleutherAI_pythia-12b-deduped-gptq-b8-gs128-da1,0.026137954024242675
Pythia-12B,github,gptq-b4-gs64-da0,_scratch_ar7789_llm_quant_saved_qmodels_tmp_EleutherAI_pythia-12b-deduped-gptq-b4-gs64-da0,0.02652448290772479
Pythia-12B,github,static-4bit-nf4-float16,_scratch_ar7789_llm_quant_saved_qmodels_tmp_EleutherAI_pythia-12b-deduped-static-4bit-nf4-float16,0.02742958961587883
Pythia-12B,github,static-4bit-fp4-dq-float16,_scratch_ar7789_llm_quant_saved_qmodels_tmp_EleutherAI_pythia-12b-deduped-static-4bit-fp4-dq-float16,0.02828107236675411
Pythia-12B,github,gptq-b2-gs128-da1,_scratch_ar7789_llm_quant_saved_qmodels_tmp_EleutherAI_pythia-12b-deduped-gptq-b2-gs128-da1,0.033712205402060505
Pythia-12B,github,gptq-b8-gs-1-da0,_scratch_ar7789_llm_quant_saved_qmodels_tmp_EleutherAI_pythia-12b-deduped-gptq-b8-gs-1-da0,0.03414841292925957
Pythia-12B,github,gptq-b8-gs128-da0,_scratch_ar7789_llm_quant_saved_qmodels_tmp_EleutherAI_pythia-12b-deduped-gptq-b8-gs128-da0,0.03428932625509369
Pythia-12B,github,awq-b4-gs32-zp1,_scratch_ar7789_llm_quant_saved_qmodels_tmp_EleutherAI_pythia-12b-deduped-awq-b4-gs32-zp1,0.03506232240740632
Pythia-12B,github,static-4bit-fp4-bfloat16,_scratch_ar7789_llm_quant_saved_qmodels_tmp_EleutherAI_pythia-12b-deduped-static-4bit-fp4-bfloat16,0.04290161191555372
Pythia-12B,github,static-4bit-nf4-dq-float32,_scratch_ar7789_llm_quant_saved_qmodels_tmp_EleutherAI_pythia-12b-deduped-static-4bit-nf4-dq-float32,0.04602547753126622
Pythia-12B,github,gptq-b2-gs32-da1,_scratch_ar7789_llm_quant_saved_qmodels_tmp_EleutherAI_pythia-12b-deduped-gptq-b2-gs32-da1,0.04612663323655583
Pythia-12B,github,static-4bit-nf4-dq-float16,_scratch_ar7789_llm_quant_saved_qmodels_tmp_EleutherAI_pythia-12b-deduped-static-4bit-nf4-dq-float16,0.049604930362326514
Pythia-12B,github,gptq-b8-gs64-da0,_scratch_ar7789_llm_quant_saved_qmodels_tmp_EleutherAI_pythia-12b-deduped-gptq-b8-gs64-da0,0.05609789048456724
Pythia-12B,github,gptq-b4-gs-1-da1,_scratch_ar7789_llm_quant_saved_qmodels_tmp_EleutherAI_pythia-12b-deduped-gptq-b4-gs-1-da1,0.05770848098905612
Pythia-12B,github,gptq-b3-gs128-da0,_scratch_ar7789_llm_quant_saved_qmodels_tmp_EleutherAI_pythia-12b-deduped-gptq-b3-gs128-da0,0.05832569179141465
Pythia-12B,github,gptq-b3-gs128-da1,_scratch_ar7789_llm_quant_saved_qmodels_tmp_EleutherAI_pythia-12b-deduped-gptq-b3-gs128-da1,0.0584064186845248
Pythia-12B,github,gptq-b2-gs64-da1,_scratch_ar7789_llm_quant_saved_qmodels_tmp_EleutherAI_pythia-12b-deduped-gptq-b2-gs64-da1,0.0598090428924871
Pythia-12B,github,gptq-b2-gs128-da0,_scratch_ar7789_llm_quant_saved_qmodels_tmp_EleutherAI_pythia-12b-deduped-gptq-b2-gs128-da0,0.06264426282246364
Pythia-12B,github,gptq-b8-gs32-da1,_scratch_ar7789_llm_quant_saved_qmodels_tmp_EleutherAI_pythia-12b-deduped-gptq-b8-gs32-da1,0.06917596709659296
Pythia-12B,github,gptq-b4-gs32-da1,_scratch_ar7789_llm_quant_saved_qmodels_tmp_EleutherAI_pythia-12b-deduped-gptq-b4-gs32-da1,0.07124636587052366
Pythia-12B,github,gptq-b3-gs64-da0,_scratch_ar7789_llm_quant_saved_qmodels_tmp_EleutherAI_pythia-12b-deduped-gptq-b3-gs64-da0,0.08114081784405362
Pythia-12B,github,gptq-b3-gs32-da0,_scratch_ar7789_llm_quant_saved_qmodels_tmp_EleutherAI_pythia-12b-deduped-gptq-b3-gs32-da0,0.0832432768751346
Pythia-12B,github,gptq-b3-gs64-da1,_scratch_ar7789_llm_quant_saved_qmodels_tmp_EleutherAI_pythia-12b-deduped-gptq-b3-gs64-da1,0.08338352212522235
Pythia-12B,github,gptq-b8-gs-1-da1,_scratch_ar7789_llm_quant_saved_qmodels_tmp_EleutherAI_pythia-12b-deduped-gptq-b8-gs-1-da1,0.09206058028786715
Pythia-12B,github,gptq-b8-gs64-da1,_scratch_ar7789_llm_quant_saved_qmodels_tmp_EleutherAI_pythia-12b-deduped-gptq-b8-gs64-da1,0.10522231214117364
Pythia-12B,github,gptq-b3-gs-1-da1,_scratch_ar7789_llm_quant_saved_qmodels_tmp_EleutherAI_pythia-12b-deduped-gptq-b3-gs-1-da1,0.10686540831016715
Pythia-12B,github,gptq-b4-gs128-da1,_scratch_ar7789_llm_quant_saved_qmodels_tmp_EleutherAI_pythia-12b-deduped-gptq-b4-gs128-da1,0.10846567446581494
Pythia-12B,github,gptq-b3-gs32-da1,_scratch_ar7789_llm_quant_saved_qmodels_tmp_EleutherAI_pythia-12b-deduped-gptq-b3-gs32-da1,0.11433315472323269
Pythia-12B,github,gptq-b3-gs-1-da0,_scratch_ar7789_llm_quant_saved_qmodels_tmp_EleutherAI_pythia-12b-deduped-gptq-b3-gs-1-da0,0.1968714248719951
Pythia-12B,github,gptq-b2-gs-1-da0,_scratch_ar7789_llm_quant_saved_qmodels_tmp_EleutherAI_pythia-12b-deduped-gptq-b2-gs-1-da0,0.33399971127005557
Pythia-12B,github,gptq-b2-gs-1-da1,_scratch_ar7789_llm_quant_saved_qmodels_tmp_EleutherAI_pythia-12b-deduped-gptq-b2-gs-1-da1,0.42254757853376573
Pythia-12B,gutenberg,awq-b4-gs64-zp1,_scratch_ar7789_llm_quant_saved_qmodels_tmp_EleutherAI_pythia-12b-deduped-awq-b4-gs64-zp1,5.863221183675394e-07
Pythia-12B,gutenberg,awq-b4-gs32-zp1,_scratch_ar7789_llm_quant_saved_qmodels_tmp_EleutherAI_pythia-12b-deduped-awq-b4-gs32-zp1,1.1804159662903134e-06
Pythia-12B,gutenberg,EleutherAI_pythia-12b-deduped,EleutherAI_pythia-12b-deduped,3.8924512754559985e-05
Pythia-12B,hackernews,awq-b4-gs32-zp1,_scratch_ar7789_llm_quant_saved_qmodels_tmp_EleutherAI_pythia-12b-deduped-awq-b4-gs32-zp1,2.942621322728598e-11
Pythia-12B,hackernews,EleutherAI_pythia-12b-deduped,EleutherAI_pythia-12b-deduped,6.718484763145941e-10
Pythia-12B,hackernews,awq-b4-gs64-zp1,_scratch_ar7789_llm_quant_saved_qmodels_tmp_EleutherAI_pythia-12b-deduped-awq-b4-gs64-zp1,7.44267066609526e-09
Pythia-12B,hackernews,awq-b4-gs128-zp1,_scratch_ar7789_llm_quant_saved_qmodels_tmp_EleutherAI_pythia-12b-deduped-awq-b4-gs128-zp1,2.2604305744511786e-05
Pythia-12B,math,awq-b4-gs32-zp1,_scratch_ar7789_llm_quant_saved_qmodels_tmp_EleutherAI_pythia-12b-deduped-awq-b4-gs32-zp1,0.001052561374344224
Pythia-12B,math,EleutherAI_pythia-12b-deduped,EleutherAI_pythia-12b-deduped,0.03241681173268081
Pythia-12B,math,awq-b4-gs128-zp1,_scratch_ar7789_llm_quant_saved_qmodels_tmp_EleutherAI_pythia-12b-deduped-awq-b4-gs128-zp1,0.04134259625708492
Pythia-12B,opensubtitles,EleutherAI_pythia-12b-deduped,EleutherAI_pythia-12b-deduped,0.3452783385389493
Pythia-12B,opensubtitles,awq-b4-gs32-zp1,_scratch_ar7789_llm_quant_saved_qmodels_tmp_EleutherAI_pythia-12b-deduped-awq-b4-gs32-zp1,0.37989466185124304
Pythia-12B,opensubtitles,awq-b4-gs64-zp1,_scratch_ar7789_llm_quant_saved_qmodels_tmp_EleutherAI_pythia-12b-deduped-awq-b4-gs64-zp1,0.46768865028259593
Pythia-12B,opensubtitles,awq-b4-gs128-zp1,_scratch_ar7789_llm_quant_saved_qmodels_tmp_EleutherAI_pythia-12b-deduped-awq-b4-gs128-zp1,0.5897820229121337
Pythia-12B,openwebtext2,awq-b4-gs128-zp1,_scratch_ar7789_llm_quant_saved_qmodels_tmp_EleutherAI_pythia-12b-deduped-awq-b4-gs128-zp1,0.005093418322762127
Pythia-12B,openwebtext2,awq-b4-gs32-zp1,_scratch_ar7789_llm_quant_saved_qmodels_tmp_EleutherAI_pythia-12b-deduped-awq-b4-gs32-zp1,0.04115346128534015
Pythia-12B,openwebtext2,EleutherAI_pythia-12b-deduped,EleutherAI_pythia-12b-deduped,0.09581135496426874
Pythia-12B,philpapers,awq-b4-gs32-zp1,_scratch_ar7789_llm_quant_saved_qmodels_tmp_EleutherAI_pythia-12b-deduped-awq-b4-gs32-zp1,2.8553408328664597e-62
Pythia-12B,philpapers,EleutherAI_pythia-12b-deduped,EleutherAI_pythia-12b-deduped,2.9989098037512344e-59
Pythia-12B,philpapers,awq-b4-gs64-zp1,_scratch_ar7789_llm_quant_saved_qmodels_tmp_EleutherAI_pythia-12b-deduped-awq-b4-gs64-zp1,7.482916996434029e-57
Pythia-12B,stackexchange,awq-b4-gs32-zp1,_scratch_ar7789_llm_quant_saved_qmodels_tmp_EleutherAI_pythia-12b-deduped-awq-b4-gs32-zp1,2.5479842830084976e-37
Pythia-12B,stackexchange,awq-b4-gs128-zp1,_scratch_ar7789_llm_quant_saved_qmodels_tmp_EleutherAI_pythia-12b-deduped-awq-b4-gs128-zp1,3.9272120257270674e-35
Pythia-12B,stackexchange,awq-b4-gs64-zp1,_scratch_ar7789_llm_quant_saved_qmodels_tmp_EleutherAI_pythia-12b-deduped-awq-b4-gs64-zp1,2.1801600837116494e-33
Pythia-12B,stackexchange,EleutherAI_pythia-12b-deduped,EleutherAI_pythia-12b-deduped,3.8385804303325214e-33
Pythia-12B,ubuntu,awq-b4-gs128-zp1,_scratch_ar7789_llm_quant_saved_qmodels_tmp_EleutherAI_pythia-12b-deduped-awq-b4-gs128-zp1,2.7551167335743796e-82
Pythia-12B,ubuntu,awq-b4-gs32-zp1,_scratch_ar7789_llm_quant_saved_qmodels_tmp_EleutherAI_pythia-12b-deduped-awq-b4-gs32-zp1,2.95926102490004e-82
Pythia-12B,ubuntu,EleutherAI_pythia-12b-deduped,EleutherAI_pythia-12b-deduped,8.101285323796222e-78
Pythia-12B,ubuntu,awq-b4-gs64-zp1,_scratch_ar7789_llm_quant_saved_qmodels_tmp_EleutherAI_pythia-12b-deduped-awq-b4-gs64-zp1,5.201303109527938e-75
Pythia-12B,uspto,awq-b4-gs64-zp1,_scratch_ar7789_llm_quant_saved_qmodels_tmp_EleutherAI_pythia-12b-deduped-awq-b4-gs64-zp1,4.583929047131704e-06
Pythia-12B,uspto,awq-b4-gs128-zp1,_scratch_ar7789_llm_quant_saved_qmodels_tmp_EleutherAI_pythia-12b-deduped-awq-b4-gs128-zp1,1.667961506926871e-05
Pythia-12B,uspto,EleutherAI_pythia-12b-deduped,EleutherAI_pythia-12b-deduped,1.8581818156745773e-05
Pythia-12B,uspto,awq-b4-gs32-zp1,_scratch_ar7789_llm_quant_saved_qmodels_tmp_EleutherAI_pythia-12b-deduped-awq-b4-gs32-zp1,2.1106917160853118e-05
Pythia-12B,wikipedia,EleutherAI_pythia-12b-deduped,EleutherAI_pythia-12b-deduped,4.781889744619722e-15
Pythia-12B,wikipedia,static-4bit-fp4-bfloat16,_scratch_ar7789_llm_quant_saved_qmodels_tmp_EleutherAI_pythia-12b-deduped-static-4bit-fp4-bfloat16,1.3641994595028685e-14
Pythia-12B,wikipedia,awq-b4-gs128-zp1,_scratch_ar7789_llm_quant_saved_qmodels_tmp_EleutherAI_pythia-12b-deduped-awq-b4-gs128-zp1,2.4041249436340724e-14
Pythia-12B,wikipedia,awq-b4-gs64-zp1,_scratch_ar7789_llm_quant_saved_qmodels_tmp_EleutherAI_pythia-12b-deduped-awq-b4-gs64-zp1,4.424597157613622e-14
Pythia-12B,wikipedia,static-4bit-fp4-float32,_scratch_ar7789_llm_quant_saved_qmodels_tmp_EleutherAI_pythia-12b-deduped-static-4bit-fp4-float32,4.523441638386613e-14
Pythia-12B,wikipedia,static-4bit-fp4-bfloat16,_scratch_ar7789_llm_quant_saved_qmodels_tmp_EleutherAI_pythia-12b-deduped-static-4bit-fp4-dq-bfloat16,9.342744246367751e-14
Pythia-12B,wikipedia,static-4bit-nf4-dq-float32,_scratch_ar7789_llm_quant_saved_qmodels_tmp_EleutherAI_pythia-12b-deduped-static-4bit-nf4-dq-float32,9.052673531721471e-13
Pythia-12B,wikipedia,static-4bit-fp4-float16,_scratch_ar7789_llm_quant_saved_qmodels_tmp_EleutherAI_pythia-12b-deduped-static-4bit-fp4-float16,1.6832043282608542e-12
Pythia-12B,wikipedia,static-4bit-fp4-dq-float16,_scratch_ar7789_llm_quant_saved_qmodels_tmp_EleutherAI_pythia-12b-deduped-static-4bit-fp4-dq-float16,3.79040320935895e-12
Pythia-12B,wikipedia,static-4bit-nf4-float16,_scratch_ar7789_llm_quant_saved_qmodels_tmp_EleutherAI_pythia-12b-deduped-static-4bit-nf4-float16,4.200046978472329e-12
Pythia-12B,wikipedia,static-4bit-nf4-float32,_scratch_ar7789_llm_quant_saved_qmodels_tmp_EleutherAI_pythia-12b-deduped-static-4bit-nf4-float32,6.933525430021674e-12
Pythia-12B,wikipedia,static-4bit-nf4-dq-bfloat16,_scratch_ar7789_llm_quant_saved_qmodels_tmp_EleutherAI_pythia-12b-deduped-static-4bit-nf4-dq-bfloat16,7.271188392014847e-12
Pythia-12B,wikipedia,awq-b4-gs32-zp1,_scratch_ar7789_llm_quant_saved_qmodels_tmp_EleutherAI_pythia-12b-deduped-awq-b4-gs32-zp1,1.0323796948466125e-11
Pythia-12B,wikipedia,static-4bit-nf4-bfloat16,_scratch_ar7789_llm_quant_saved_qmodels_tmp_EleutherAI_pythia-12b-deduped-static-4bit-nf4-bfloat16,5.611808510864431e-11
Pythia-12B,wikipedia,static-4bit-nf4-dq-float16,_scratch_ar7789_llm_quant_saved_qmodels_tmp_EleutherAI_pythia-12b-deduped-static-4bit-nf4-dq-float16,3.1520392054003716e-10
Pythia-12B,wikipedia,static-4bit-fp4-dq-float32,_scratch_ar7789_llm_quant_saved_qmodels_tmp_EleutherAI_pythia-12b-deduped-static-4bit-fp4-dq-float32,4.3175520371426097e-10
Pythia-12B,youtubesubtitles,awq-b4-gs64-zp1,_scratch_ar7789_llm_quant_saved_qmodels_tmp_EleutherAI_pythia-12b-deduped-awq-b4-gs64-zp1,9.144139184834642e-41
Pythia-12B,youtubesubtitles,awq-b4-gs128-zp1,_scratch_ar7789_llm_quant_saved_qmodels_tmp_EleutherAI_pythia-12b-deduped-awq-b4-gs128-zp1,1.2438284421311788e-37
Pythia-12B,youtubesubtitles,awq-b4-gs32-zp1,_scratch_ar7789_llm_quant_saved_qmodels_tmp_EleutherAI_pythia-12b-deduped-awq-b4-gs32-zp1,1.0270935796302219e-36
Pythia-12B,youtubesubtitles,EleutherAI_pythia-12b-deduped,EleutherAI_pythia-12b-deduped,2.3273399717113831e-35
Pythia-160M,arxiv,gptq-b2-gs32-da1,_scratch_ar7789_llm_quant_saved_qmodels_tmp_EleutherAI_pythia-160m-deduped-gptq-b2-gs32-da1,0.00016776142604584001
Pythia-160M,arxiv,gptq-b2-gs32-da0,_scratch_ar7789_llm_quant_saved_qmodels_tmp_EleutherAI_pythia-160m-deduped-gptq-b2-gs32-da0,0.0006430507837802008
Pythia-160M,arxiv,gptq-b2-gs64-da1,_scratch_ar7789_llm_quant_saved_qmodels_tmp_EleutherAI_pythia-160m-deduped-gptq-b2-gs64-da1,0.09779484321919786
Pythia-160M,arxiv,gptq-b4-gs-1-da1,_scratch_ar7789_llm_quant_saved_qmodels_tmp_EleutherAI_pythia-160m-deduped-gptq-b4-gs-1-da1,0.4695584421366362
Pythia-160M,arxiv,gptq-b4-gs-1-da0,_scratch_ar7789_llm_quant_saved_qmodels_tmp_EleutherAI_pythia-160m-deduped-gptq-b4-gs-1-da0,0.6338497436968149
Pythia-160M,arxiv,gptq-b8-gs32-da0,_scratch_ar7789_llm_quant_saved_qmodels_tmp_EleutherAI_pythia-160m-deduped-gptq-b8-gs32-da0,0.6395938548995289
Pythia-160M,arxiv,gptq-b4-gs64-da1,_scratch_ar7789_llm_quant_saved_qmodels_tmp_EleutherAI_pythia-160m-deduped-gptq-b4-gs64-da1,0.6554627750737622
Pythia-160M,arxiv,gptq-b4-gs128-da0,_scratch_ar7789_llm_quant_saved_qmodels_tmp_EleutherAI_pythia-160m-deduped-gptq-b4-gs128-da0,0.6724215211070532
Pythia-160M,arxiv,gptq-b8-gs32-da1,_scratch_ar7789_llm_quant_saved_qmodels_tmp_EleutherAI_pythia-160m-deduped-gptq-b8-gs32-da1,0.6850599442638787
Pythia-160M,arxiv,gptq-b8-gs64-da0,_scratch_ar7789_llm_quant_saved_qmodels_tmp_EleutherAI_pythia-160m-deduped-gptq-b8-gs64-da0,0.7107566827956764
Pythia-160M,arxiv,gptq-b4-gs128-da1,_scratch_ar7789_llm_quant_saved_qmodels_tmp_EleutherAI_pythia-160m-deduped-gptq-b4-gs128-da1,0.7131338809017744
Pythia-160M,arxiv,gptq-b8-gs-1-da1,_scratch_ar7789_llm_quant_saved_qmodels_tmp_EleutherAI_pythia-160m-deduped-gptq-b8-gs-1-da1,0.7255965023969806
Pythia-160M,arxiv,gptq-b4-gs32-da0,_scratch_ar7789_llm_quant_saved_qmodels_tmp_EleutherAI_pythia-160m-deduped-gptq-b4-gs32-da0,0.7638294385834828
Pythia-160M,arxiv,gptq-b4-gs32-da1,_scratch_ar7789_llm_quant_saved_qmodels_tmp_EleutherAI_pythia-160m-deduped-gptq-b4-gs32-da1,0.7937407099765409
Pythia-160M,arxiv,gptq-b8-gs128-da1,_scratch_ar7789_llm_quant_saved_qmodels_tmp_EleutherAI_pythia-160m-deduped-gptq-b8-gs128-da1,0.8125253049491766
Pythia-160M,arxiv,gptq-b8-gs64-da1,_scratch_ar7789_llm_quant_saved_qmodels_tmp_EleutherAI_pythia-160m-deduped-gptq-b8-gs64-da1,0.8149371491715174
Pythia-160M,arxiv,gptq-b8-gs128-da0,_scratch_ar7789_llm_quant_saved_qmodels_tmp_EleutherAI_pythia-160m-deduped-gptq-b8-gs128-da0,0.8626370906883565
Pythia-160M,arxiv,gptq-b4-gs64-da0,_scratch_ar7789_llm_quant_saved_qmodels_tmp_EleutherAI_pythia-160m-deduped-gptq-b4-gs64-da0,0.8801840114343003
Pythia-160M,arxiv,gptq-b8-gs-1-da0,_scratch_ar7789_llm_quant_saved_qmodels_tmp_EleutherAI_pythia-160m-deduped-gptq-b8-gs-1-da0,0.9159282573343412
Pythia-160M,cc,gptq-b2-gs32-da1,_scratch_ar7789_llm_quant_saved_qmodels_tmp_EleutherAI_pythia-160m-deduped-gptq-b2-gs32-da1,1.3330859559886442e-07
Pythia-160M,cc,gptq-b2-gs32-da0,_scratch_ar7789_llm_quant_saved_qmodels_tmp_EleutherAI_pythia-160m-deduped-gptq-b2-gs32-da0,5.1378567899583094e-05
Pythia-160M,cc,gptq-b2-gs64-da1,_scratch_ar7789_llm_quant_saved_qmodels_tmp_EleutherAI_pythia-160m-deduped-gptq-b2-gs64-da1,0.0001735390438897115
Pythia-160M,cc,gptq-b8-gs32-da1,_scratch_ar7789_llm_quant_saved_qmodels_tmp_EleutherAI_pythia-160m-deduped-gptq-b8-gs32-da1,0.1924441060029455
Pythia-160M,cc,gptq-b8-gs-1-da0,_scratch_ar7789_llm_quant_saved_qmodels_tmp_EleutherAI_pythia-160m-deduped-gptq-b8-gs-1-da0,0.20773663645053403
Pythia-160M,cc,gptq-b4-gs32-da1,_scratch_ar7789_llm_quant_saved_qmodels_tmp_EleutherAI_pythia-160m-deduped-gptq-b4-gs32-da1,0.2354558417164096
Pythia-160M,cc,gptq-b8-gs128-da1,_scratch_ar7789_llm_quant_saved_qmodels_tmp_EleutherAI_pythia-160m-deduped-gptq-b8-gs128-da1,0.24054310841498946
Pythia-160M,cc,gptq-b4-gs32-da0,_scratch_ar7789_llm_quant_saved_qmodels_tmp_EleutherAI_pythia-160m-deduped-gptq-b4-gs32-da0,0.2559292806018398
Pythia-160M,cc,gptq-b8-gs64-da1,_scratch_ar7789_llm_quant_saved_qmodels_tmp_EleutherAI_pythia-160m-deduped-gptq-b8-gs64-da1,0.29107684789765925
Pythia-160M,cc,gptq-b4-gs-1-da0,_scratch_ar7789_llm_quant_saved_qmodels_tmp_EleutherAI_pythia-160m-deduped-gptq-b4-gs-1-da0,0.2935756995622694
Pythia-160M,cc,gptq-b4-gs-1-da1,_scratch_ar7789_llm_quant_saved_qmodels_tmp_EleutherAI_pythia-160m-deduped-gptq-b4-gs-1-da1,0.2984126982848022
Pythia-160M,cc,gptq-b8-gs64-da0,_scratch_ar7789_llm_quant_saved_qmodels_tmp_EleutherAI_pythia-160m-deduped-gptq-b8-gs64-da0,0.3044165746354047
Pythia-160M,cc,gptq-b8-gs-1-da1,_scratch_ar7789_llm_quant_saved_qmodels_tmp_EleutherAI_pythia-160m-deduped-gptq-b8-gs-1-da1,0.30567161747361593
Pythia-160M,cc,gptq-b4-gs64-da1,_scratch_ar7789_llm_quant_saved_qmodels_tmp_EleutherAI_pythia-160m-deduped-gptq-b4-gs64-da1,0.37481191866409735
Pythia-160M,cc,gptq-b8-gs32-da0,_scratch_ar7789_llm_quant_saved_qmodels_tmp_EleutherAI_pythia-160m-deduped-gptq-b8-gs32-da0,0.37968288839271946
Pythia-160M,cc,gptq-b4-gs128-da1,_scratch_ar7789_llm_quant_saved_qmodels_tmp_EleutherAI_pythia-160m-deduped-gptq-b4-gs128-da1,0.4257201497115285
Pythia-160M,cc,gptq-b8-gs128-da0,_scratch_ar7789_llm_quant_saved_qmodels_tmp_EleutherAI_pythia-160m-deduped-gptq-b8-gs128-da0,0.4441104979526595
Pythia-160M,cc,gptq-b4-gs128-da0,_scratch_ar7789_llm_quant_saved_qmodels_tmp_EleutherAI_pythia-160m-deduped-gptq-b4-gs128-da0,0.46363462291349694
Pythia-160M,cc,gptq-b4-gs64-da0,_scratch_ar7789_llm_quant_saved_qmodels_tmp_EleutherAI_pythia-160m-deduped-gptq-b4-gs64-da0,0.5105476721379455
Pythia-160M,github,gptq-b4-gs128-da1,_scratch_ar7789_llm_quant_saved_qmodels_tmp_EleutherAI_pythia-160m-deduped-gptq-b4-gs128-da1,0.002254162556997567
Pythia-160M,github,gptq-b8-gs32-da0,_scratch_ar7789_llm_quant_saved_qmodels_tmp_EleutherAI_pythia-160m-deduped-gptq-b8-gs32-da0,0.004717684132058815
Pythia-160M,github,gptq-b4-gs32-da0,_scratch_ar7789_llm_quant_saved_qmodels_tmp_EleutherAI_pythia-160m-deduped-gptq-b4-gs32-da0,0.009788441489062643
Pythia-160M,github,gptq-b4-gs32-da1,_scratch_ar7789_llm_quant_saved_qmodels_tmp_EleutherAI_pythia-160m-deduped-gptq-b4-gs32-da1,0.013937789882799118
Pythia-160M,github,gptq-b8-gs64-da0,_scratch_ar7789_llm_quant_saved_qmodels_tmp_EleutherAI_pythia-160m-deduped-gptq-b8-gs64-da0,0.014529302370735417
Pythia-160M,github,gptq-b4-gs128-da0,_scratch_ar7789_llm_quant_saved_qmodels_tmp_EleutherAI_pythia-160m-deduped-gptq-b4-gs128-da0,0.01584377952808928
Pythia-160M,github,gptq-b8-gs-1-da1,_scratch_ar7789_llm_quant_saved_qmodels_tmp_EleutherAI_pythia-160m-deduped-gptq-b8-gs-1-da1,0.020062570997255565
Pythia-160M,github,gptq-b8-gs-1-da0,_scratch_ar7789_llm_quant_saved_qmodels_tmp_EleutherAI_pythia-160m-deduped-gptq-b8-gs-1-da0,0.02796734614523356
Pythia-160M,github,gptq-b8-gs128-da0,_scratch_ar7789_llm_quant_saved_qmodels_tmp_EleutherAI_pythia-160m-deduped-gptq-b8-gs128-da0,0.029114541521032468
Pythia-160M,github,gptq-b8-gs64-da1,_scratch_ar7789_llm_quant_saved_qmodels_tmp_EleutherAI_pythia-160m-deduped-gptq-b8-gs64-da1,0.03812362960269734
Pythia-160M,github,gptq-b4-gs64-da0,_scratch_ar7789_llm_quant_saved_qmodels_tmp_EleutherAI_pythia-160m-deduped-gptq-b4-gs64-da0,0.04694558010860568
Pythia-160M,github,gptq-b4-gs64-da1,_scratch_ar7789_llm_quant_saved_qmodels_tmp_EleutherAI_pythia-160m-deduped-gptq-b4-gs64-da1,0.0545182214126376
Pythia-160M,github,gptq-b8-gs128-da1,_scratch_ar7789_llm_quant_saved_qmodels_tmp_EleutherAI_pythia-160m-deduped-gptq-b8-gs128-da1,0.07281700755360614
Pythia-160M,github,gptq-b4-gs-1-da1,_scratch_ar7789_llm_quant_saved_qmodels_tmp_EleutherAI_pythia-160m-deduped-gptq-b4-gs-1-da1,0.15452014448895918
Pythia-160M,github,gptq-b4-gs-1-da0,_scratch_ar7789_llm_quant_saved_qmodels_tmp_EleutherAI_pythia-160m-deduped-gptq-b4-gs-1-da0,0.16852609943341684
Pythia-160M,github,gptq-b8-gs32-da1,_scratch_ar7789_llm_quant_saved_qmodels_tmp_EleutherAI_pythia-160m-deduped-gptq-b8-gs32-da1,0.17672290226355541
Pythia-1B,arxiv,gptq-b3-gs32-da0,_scratch_ar7789_llm_quant_saved_qmodels_tmp_EleutherAI_pythia-1b-deduped-gptq-b3-gs32-da0,0.28316168656344287
Pythia-1B,arxiv,gptq-b3-gs-1-da1,_scratch_ar7789_llm_quant_saved_qmodels_tmp_EleutherAI_pythia-1b-deduped-gptq-b3-gs-1-da1,0.32603887023360967
Pythia-1B,arxiv,gptq-b3-gs64-da0,_scratch_ar7789_llm_quant_saved_qmodels_tmp_EleutherAI_pythia-1b-deduped-gptq-b3-gs64-da0,0.37177931887724414
Pythia-1B,arxiv,gptq-b2-gs64-da1,_scratch_ar7789_llm_quant_saved_qmodels_tmp_EleutherAI_pythia-1b-deduped-gptq-b2-gs64-da1,0.39398934129962454
Pythia-1B,arxiv,gptq-b3-gs128-da1,_scratch_ar7789_llm_quant_saved_qmodels_tmp_EleutherAI_pythia-1b-deduped-gptq-b3-gs128-da1,0.3984138775501864
Pythia-1B,arxiv,gptq-b8-gs32-da1,_scratch_ar7789_llm_quant_saved_qmodels_tmp_EleutherAI_pythia-1b-deduped-gptq-b8-gs32-da1,0.4215939460638
Pythia-1B,arxiv,gptq-b3-gs128-da0,_scratch_ar7789_llm_quant_saved_qmodels_tmp_EleutherAI_pythia-1b-deduped-gptq-b3-gs128-da0,0.4238907213101518
Pythia-1B,arxiv,gptq-b3-gs-1-da0,_scratch_ar7789_llm_quant_saved_qmodels_tmp_EleutherAI_pythia-1b-deduped-gptq-b3-gs-1-da0,0.42814022529670337
Pythia-1B,arxiv,gptq-b8-gs-1-da0,_scratch_ar7789_llm_quant_saved_qmodels_tmp_EleutherAI_pythia-1b-deduped-gptq-b8-gs-1-da0,0.4403096340969837
Pythia-1B,arxiv,gptq-b2-gs128-da0,_scratch_ar7789_llm_quant_saved_qmodels_tmp_EleutherAI_pythia-1b-deduped-gptq-b2-gs128-da0,0.47852571314976766
Pythia-1B,arxiv,gptq-b8-gs32-da0,_scratch_ar7789_llm_quant_saved_qmodels_tmp_EleutherAI_pythia-1b-deduped-gptq-b8-gs32-da0,0.4823815751885484
Pythia-1B,arxiv,gptq-b4-gs32-da1,_scratch_ar7789_llm_quant_saved_qmodels_tmp_EleutherAI_pythia-1b-deduped-gptq-b4-gs32-da1,0.48564158582025796
Pythia-1B,arxiv,gptq-b4-gs128-da1,_scratch_ar7789_llm_quant_saved_qmodels_tmp_EleutherAI_pythia-1b-deduped-gptq-b4-gs128-da1,0.5047243926570105
Pythia-1B,arxiv,gptq-b8-gs64-da0,_scratch_ar7789_llm_quant_saved_qmodels_tmp_EleutherAI_pythia-1b-deduped-gptq-b8-gs64-da0,0.5376433768530233
Pythia-1B,arxiv,EleutherAI_pythia-1b-deduped,EleutherAI_pythia-1b-deduped,0.5517326458951392
Pythia-1B,arxiv,gptq-b8-gs64-da1,_scratch_ar7789_llm_quant_saved_qmodels_tmp_EleutherAI_pythia-1b-deduped-gptq-b8-gs64-da1,0.5719237824856623
Pythia-1B,arxiv,gptq-b3-gs32-da1,_scratch_ar7789_llm_quant_saved_qmodels_tmp_EleutherAI_pythia-1b-deduped-gptq-b3-gs32-da1,0.5727658166184649
Pythia-1B,arxiv,gptq-b3-gs64-da1,_scratch_ar7789_llm_quant_saved_qmodels_tmp_EleutherAI_pythia-1b-deduped-gptq-b3-gs64-da1,0.5836058554045244
Pythia-1B,arxiv,gptq-b4-gs-1-da0,_scratch_ar7789_llm_quant_saved_qmodels_tmp_EleutherAI_pythia-1b-deduped-gptq-b4-gs-1-da0,0.6001833345751637
Pythia-1B,arxiv,gptq-b4-gs64-da0,_scratch_ar7789_llm_quant_saved_qmodels_tmp_EleutherAI_pythia-1b-deduped-gptq-b4-gs64-da0,0.6239338956330778
Pythia-1B,arxiv,gptq-b4-gs128-da0,_scratch_ar7789_llm_quant_saved_qmodels_tmp_EleutherAI_pythia-1b-deduped-gptq-b4-gs128-da0,0.626241679984924
Pythia-1B,arxiv,gptq-b2-gs32-da0,_scratch_ar7789_llm_quant_saved_qmodels_tmp_EleutherAI_pythia-1b-deduped-gptq-b2-gs32-da0,0.6289114090918412
Pythia-1B,arxiv,gptq-b2-gs32-da1,_scratch_ar7789_llm_quant_saved_qmodels_tmp_EleutherAI_pythia-1b-deduped-gptq-b2-gs32-da1,0.6357206025749965
Pythia-1B,arxiv,gptq-b2-gs-1-da1,_scratch_ar7789_llm_quant_saved_qmodels_tmp_EleutherAI_pythia-1b-deduped-gptq-b2-gs-1-da1,0.6372616250093128
Pythia-1B,arxiv,gptq-b2-gs64-da0,_scratch_ar7789_llm_quant_saved_qmodels_tmp_EleutherAI_pythia-1b-deduped-gptq-b2-gs64-da0,0.6563436986594978
Pythia-1B,arxiv,gptq-b8-gs-1-da1,_scratch_ar7789_llm_quant_saved_qmodels_tmp_EleutherAI_pythia-1b-deduped-gptq-b8-gs-1-da1,0.6963636340051783
Pythia-1B,arxiv,gptq-b4-gs64-da1,_scratch_ar7789_llm_quant_saved_qmodels_tmp_EleutherAI_pythia-1b-deduped-gptq-b4-gs64-da1,0.7006988148618202
Pythia-1B,arxiv,gptq-b8-gs128-da0,_scratch_ar7789_llm_quant_saved_qmodels_tmp_EleutherAI_pythia-1b-deduped-gptq-b8-gs128-da0,0.7057149210539586
Pythia-1B,arxiv,gptq-b8-gs128-da1,_scratch_ar7789_llm_quant_saved_qmodels_tmp_EleutherAI_pythia-1b-deduped-gptq-b8-gs128-da1,0.7298311599757034
Pythia-1B,arxiv,gptq-b4-gs-1-da1,_scratch_ar7789_llm_quant_saved_qmodels_tmp_EleutherAI_pythia-1b-deduped-gptq-b4-gs-1-da1,0.7481158492448083
Pythia-1B,arxiv,gptq-b4-gs32-da0,_scratch_ar7789_llm_quant_saved_qmodels_tmp_EleutherAI_pythia-1b-deduped-gptq-b4-gs32-da0,0.7493366767075513
Pythia-1B,arxiv,gptq-b2-gs-1-da0,_scratch_ar7789_llm_quant_saved_qmodels_tmp_EleutherAI_pythia-1b-deduped-gptq-b2-gs-1-da0,0.7528966065385789
Pythia-1B,arxiv,gptq-b2-gs128-da1,_scratch_ar7789_llm_quant_saved_qmodels_tmp_EleutherAI_pythia-1b-deduped-gptq-b2-gs128-da1,0.8196042125096762
Pythia-1B,cc,gptq-b8-gs-1-da1,_scratch_ar7789_llm_quant_saved_qmodels_tmp_EleutherAI_pythia-1b-deduped-gptq-b8-gs-1-da1,0.01203522307188096
Pythia-1B,cc,gptq-b8-gs32-da0,_scratch_ar7789_llm_quant_saved_qmodels_tmp_EleutherAI_pythia-1b-deduped-gptq-b8-gs32-da0,0.060025305708927425
Pythia-1B,cc,gptq-b8-gs128-da0,_scratch_ar7789_llm_quant_saved_qmodels_tmp_EleutherAI_pythia-1b-deduped-gptq-b8-gs128-da0,0.06670842275675484
Pythia-1B,cc,EleutherAI_pythia-1b-deduped,EleutherAI_pythia-1b-deduped,0.1374699147702894
Pythia-1B,cc,gptq-b8-gs64-da0,_scratch_ar7789_llm_quant_saved_qmodels_tmp_EleutherAI_pythia-1b-deduped-gptq-b8-gs64-da0,0.14854316697337747
Pythia-1B,cc,gptq-b8-gs128-da1,_scratch_ar7789_llm_quant_saved_qmodels_tmp_EleutherAI_pythia-1b-deduped-gptq-b8-gs128-da1,0.1647594146797426
Pythia-1B,cc,gptq-b4-gs64-da1,_scratch_ar7789_llm_quant_saved_qmodels_tmp_EleutherAI_pythia-1b-deduped-gptq-b4-gs64-da1,0.16489930038456757
Pythia-1B,cc,gptq-b8-gs32-da1,_scratch_ar7789_llm_quant_saved_qmodels_tmp_EleutherAI_pythia-1b-deduped-gptq-b8-gs32-da1,0.17400388058751437
Pythia-1B,cc,gptq-b4-gs64-da0,_scratch_ar7789_llm_quant_saved_qmodels_tmp_EleutherAI_pythia-1b-deduped-gptq-b4-gs64-da0,0.1754901030604766
Pythia-1B,cc,gptq-b8-gs64-da1,_scratch_ar7789_llm_quant_saved_qmodels_tmp_EleutherAI_pythia-1b-deduped-gptq-b8-gs64-da1,0.17674862657605855
Pythia-1B,cc,gptq-b4-gs128-da0,_scratch_ar7789_llm_quant_saved_qmodels_tmp_EleutherAI_pythia-1b-deduped-gptq-b4-gs128-da0,0.17821893088782956
Pythia-1B,cc,gptq-b2-gs32-da0,_scratch_ar7789_llm_quant_saved_qmodels_tmp_EleutherAI_pythia-1b-deduped-gptq-b2-gs32-da0,0.1902711460336881
Pythia-1B,cc,gptq-b2-gs32-da1,_scratch_ar7789_llm_quant_saved_qmodels_tmp_EleutherAI_pythia-1b-deduped-gptq-b2-gs32-da1,0.20345910837043846
Pythia-1B,cc,gptq-b8-gs-1-da0,_scratch_ar7789_llm_quant_saved_qmodels_tmp_EleutherAI_pythia-1b-deduped-gptq-b8-gs-1-da0,0.22364110631413428
Pythia-1B,cc,gptq-b4-gs32-da0,_scratch_ar7789_llm_quant_saved_qmodels_tmp_EleutherAI_pythia-1b-deduped-gptq-b4-gs32-da0,0.24258793823926816
Pythia-1B,cc,gptq-b4-gs128-da1,_scratch_ar7789_llm_quant_saved_qmodels_tmp_EleutherAI_pythia-1b-deduped-gptq-b4-gs128-da1,0.24687436975552773
Pythia-1B,cc,gptq-b4-gs32-da1,_scratch_ar7789_llm_quant_saved_qmodels_tmp_EleutherAI_pythia-1b-deduped-gptq-b4-gs32-da1,0.2686897643742311
Pythia-1B,cc,gptq-b4-gs-1-da0,_scratch_ar7789_llm_quant_saved_qmodels_tmp_EleutherAI_pythia-1b-deduped-gptq-b4-gs-1-da0,0.27885526548054385
Pythia-1B,cc,gptq-b4-gs-1-da1,_scratch_ar7789_llm_quant_saved_qmodels_tmp_EleutherAI_pythia-1b-deduped-gptq-b4-gs-1-da1,0.29349841958518696
Pythia-1B,cc,gptq-b2-gs64-da1,_scratch_ar7789_llm_quant_saved_qmodels_tmp_EleutherAI_pythia-1b-deduped-gptq-b2-gs64-da1,0.33830084457096266
Pythia-1B,cc,gptq-b3-gs64-da1,_scratch_ar7789_llm_quant_saved_qmodels_tmp_EleutherAI_pythia-1b-deduped-gptq-b3-gs64-da1,0.3478642901015835
Pythia-1B,cc,gptq-b3-gs128-da0,_scratch_ar7789_llm_quant_saved_qmodels_tmp_EleutherAI_pythia-1b-deduped-gptq-b3-gs128-da0,0.35544779895350004
Pythia-1B,cc,gptq-b3-gs32-da1,_scratch_ar7789_llm_quant_saved_qmodels_tmp_EleutherAI_pythia-1b-deduped-gptq-b3-gs32-da1,0.3567212532405967
Pythia-1B,cc,gptq-b2-gs-1-da1,_scratch_ar7789_llm_quant_saved_qmodels_tmp_EleutherAI_pythia-1b-deduped-gptq-b2-gs-1-da1,0.4147849017788844
Pythia-1B,cc,gptq-b2-gs128-da0,_scratch_ar7789_llm_quant_saved_qmodels_tmp_EleutherAI_pythia-1b-deduped-gptq-b2-gs128-da0,0.44407624872185014
Pythia-1B,cc,gptq-b2-gs-1-da0,_scratch_ar7789_llm_quant_saved_qmodels_tmp_EleutherAI_pythia-1b-deduped-gptq-b2-gs-1-da0,0.44863668211138724
Pythia-1B,cc,gptq-b3-gs32-da0,_scratch_ar7789_llm_quant_saved_qmodels_tmp_EleutherAI_pythia-1b-deduped-gptq-b3-gs32-da0,0.46711107836770316
Pythia-1B,cc,gptq-b2-gs64-da0,_scratch_ar7789_llm_quant_saved_qmodels_tmp_EleutherAI_pythia-1b-deduped-gptq-b2-gs64-da0,0.4718189626259536
Pythia-1B,cc,gptq-b3-gs128-da1,_scratch_ar7789_llm_quant_saved_qmodels_tmp_EleutherAI_pythia-1b-deduped-gptq-b3-gs128-da1,0.48012354692463893
Pythia-1B,cc,gptq-b3-gs-1-da0,_scratch_ar7789_llm_quant_saved_qmodels_tmp_EleutherAI_pythia-1b-deduped-gptq-b3-gs-1-da0,0.5150023314632527
Pythia-1B,cc,gptq-b3-gs-1-da1,_scratch_ar7789_llm_quant_saved_qmodels_tmp_EleutherAI_pythia-1b-deduped-gptq-b3-gs-1-da1,0.5458881281065977
Pythia-1B,cc,gptq-b3-gs64-da0,_scratch_ar7789_llm_quant_saved_qmodels_tmp_EleutherAI_pythia-1b-deduped-gptq-b3-gs64-da0,0.5543427526491387
Pythia-1B,cc,gptq-b2-gs128-da1,_scratch_ar7789_llm_quant_saved_qmodels_tmp_EleutherAI_pythia-1b-deduped-gptq-b2-gs128-da1,0.6681788660247514
Pythia-1B,github,gptq-b8-gs64-da1,_scratch_ar7789_llm_quant_saved_qmodels_tmp_EleutherAI_pythia-1b-deduped-gptq-b8-gs64-da1,0.004608207527904258
Pythia-1B,github,gptq-b8-gs128-da0,_scratch_ar7789_llm_quant_saved_qmodels_tmp_EleutherAI_pythia-1b-deduped-gptq-b8-gs128-da0,0.0053736179640319825
Pythia-1B,github,gptq-b8-gs64-da0,_scratch_ar7789_llm_quant_saved_qmodels_tmp_EleutherAI_pythia-1b-deduped-gptq-b8-gs64-da0,0.00706830926151987
Pythia-1B,github,gptq-b3-gs64-da1,_scratch_ar7789_llm_quant_saved_qmodels_tmp_EleutherAI_pythia-1b-deduped-gptq-b3-gs64-da1,0.010131756680669495
Pythia-1B,github,gptq-b3-gs128-da0,_scratch_ar7789_llm_quant_saved_qmodels_tmp_EleutherAI_pythia-1b-deduped-gptq-b3-gs128-da0,0.01557406250856504
Pythia-1B,github,gptq-b4-gs128-da0,_scratch_ar7789_llm_quant_saved_qmodels_tmp_EleutherAI_pythia-1b-deduped-gptq-b4-gs128-da0,0.01735198638022412
Pythia-1B,github,gptq-b3-gs64-da0,_scratch_ar7789_llm_quant_saved_qmodels_tmp_EleutherAI_pythia-1b-deduped-gptq-b3-gs64-da0,0.018137742633222896
Pythia-1B,github,gptq-b4-gs32-da0,_scratch_ar7789_llm_quant_saved_qmodels_tmp_EleutherAI_pythia-1b-deduped-gptq-b4-gs32-da0,0.01954115221267344
Pythia-1B,github,gptq-b4-gs64-da0,_scratch_ar7789_llm_quant_saved_qmodels_tmp_EleutherAI_pythia-1b-deduped-gptq-b4-gs64-da0,0.02419545029383994
Pythia-1B,github,gptq-b3-gs32-da1,_scratch_ar7789_llm_quant_saved_qmodels_tmp_EleutherAI_pythia-1b-deduped-gptq-b3-gs32-da1,0.024509228571992232
Pythia-1B,github,gptq-b4-gs-1-da1,_scratch_ar7789_llm_quant_saved_qmodels_tmp_EleutherAI_pythia-1b-deduped-gptq-b4-gs-1-da1,0.02600265301567136
Pythia-1B,github,gptq-b8-gs32-da0,_scratch_ar7789_llm_quant_saved_qmodels_tmp_EleutherAI_pythia-1b-deduped-gptq-b8-gs32-da0,0.027144472885520205
Pythia-1B,github,gptq-b3-gs-1-da0,_scratch_ar7789_llm_quant_saved_qmodels_tmp_EleutherAI_pythia-1b-deduped-gptq-b3-gs-1-da0,0.03169180625590258
Pythia-1B,github,gptq-b4-gs-1-da0,_scratch_ar7789_llm_quant_saved_qmodels_tmp_EleutherAI_pythia-1b-deduped-gptq-b4-gs-1-da0,0.03195723247818761
Pythia-1B,github,gptq-b3-gs32-da0,_scratch_ar7789_llm_quant_saved_qmodels_tmp_EleutherAI_pythia-1b-deduped-gptq-b3-gs32-da0,0.0339066118178777
Pythia-1B,github,gptq-b3-gs128-da1,_scratch_ar7789_llm_quant_saved_qmodels_tmp_EleutherAI_pythia-1b-deduped-gptq-b3-gs128-da1,0.035085975176390075
Pythia-1B,github,EleutherAI_pythia-1b-deduped,EleutherAI_pythia-1b-deduped,0.03694791036859488
Pythia-1B,github,gptq-b4-gs64-da1,_scratch_ar7789_llm_quant_saved_qmodels_tmp_EleutherAI_pythia-1b-deduped-gptq-b4-gs64-da1,0.03746783440714201
Pythia-1B,github,gptq-b8-gs-1-da1,_scratch_ar7789_llm_quant_saved_qmodels_tmp_EleutherAI_pythia-1b-deduped-gptq-b8-gs-1-da1,0.03863468891695658
Pythia-1B,github,gptq-b8-gs128-da1,_scratch_ar7789_llm_quant_saved_qmodels_tmp_EleutherAI_pythia-1b-deduped-gptq-b8-gs128-da1,0.04319931752362257
Pythia-1B,github,gptq-b2-gs32-da1,_scratch_ar7789_llm_quant_saved_qmodels_tmp_EleutherAI_pythia-1b-deduped-gptq-b2-gs32-da1,0.05493640718649828
Pythia-1B,github,gptq-b4-gs32-da1,_scratch_ar7789_llm_quant_saved_qmodels_tmp_EleutherAI_pythia-1b-deduped-gptq-b4-gs32-da1,0.055122846948202006
Pythia-1B,github,gptq-b8-gs32-da1,_scratch_ar7789_llm_quant_saved_qmodels_tmp_EleutherAI_pythia-1b-deduped-gptq-b8-gs32-da1,0.06014083339801153
Pythia-1B,github,gptq-b2-gs-1-da0,_scratch_ar7789_llm_quant_saved_qmodels_tmp_EleutherAI_pythia-1b-deduped-gptq-b2-gs-1-da0,0.06087416457078132
Pythia-1B,github,gptq-b3-gs-1-da1,_scratch_ar7789_llm_quant_saved_qmodels_tmp_EleutherAI_pythia-1b-deduped-gptq-b3-gs-1-da1,0.06467945948319474
Pythia-1B,github,gptq-b2-gs32-da0,_scratch_ar7789_llm_quant_saved_qmodels_tmp_EleutherAI_pythia-1b-deduped-gptq-b2-gs32-da0,0.09045121841314302
Pythia-1B,github,gptq-b2-gs64-da0,_scratch_ar7789_llm_quant_saved_qmodels_tmp_EleutherAI_pythia-1b-deduped-gptq-b2-gs64-da0,0.09385041118108847
Pythia-1B,github,gptq-b2-gs128-da0,_scratch_ar7789_llm_quant_saved_qmodels_tmp_EleutherAI_pythia-1b-deduped-gptq-b2-gs128-da0,0.1279255760989903
Pythia-1B,github,gptq-b2-gs64-da1,_scratch_ar7789_llm_quant_saved_qmodels_tmp_EleutherAI_pythia-1b-deduped-gptq-b2-gs64-da1,0.12939495142669794
Pythia-1B,github,gptq-b8-gs-1-da0,_scratch_ar7789_llm_quant_saved_qmodels_tmp_EleutherAI_pythia-1b-deduped-gptq-b8-gs-1-da0,0.1671287371745617
Pythia-1B,github,gptq-b4-gs128-da1,_scratch_ar7789_llm_quant_saved_qmodels_tmp_EleutherAI_pythia-1b-deduped-gptq-b4-gs128-da1,0.17425921466054628
Pythia-1B,github,gptq-b2-gs128-da1,_scratch_ar7789_llm_quant_saved_qmodels_tmp_EleutherAI_pythia-1b-deduped-gptq-b2-gs128-da1,0.2585585321260516
Pythia-1B,github,gptq-b2-gs-1-da1,_scratch_ar7789_llm_quant_saved_qmodels_tmp_EleutherAI_pythia-1b-deduped-gptq-b2-gs-1-da1,0.3106013692219723
Pythia-410M,arxiv,gptq-b8-gs32-da1,_scratch_ar7789_llm_quant_saved_qmodels_tmp_EleutherAI_pythia-410m-deduped-gptq-b8-gs32-da1,0.4019530713851937
Pythia-410M,arxiv,gptq-b4-gs128-da1,_scratch_ar7789_llm_quant_saved_qmodels_tmp_EleutherAI_pythia-410m-deduped-gptq-b4-gs128-da1,0.47475902447999907
Pythia-410M,arxiv,gptq-b8-gs64-da1,_scratch_ar7789_llm_quant_saved_qmodels_tmp_EleutherAI_pythia-410m-deduped-gptq-b8-gs64-da1,0.49017189243231485
Pythia-410M,arxiv,gptq-b4-gs32-da1,_scratch_ar7789_llm_quant_saved_qmodels_tmp_EleutherAI_pythia-410m-deduped-gptq-b4-gs32-da1,0.49160044294335936
Pythia-410M,arxiv,gptq-b8-gs-1-da1,_scratch_ar7789_llm_quant_saved_qmodels_tmp_EleutherAI_pythia-410m-deduped-gptq-b8-gs-1-da1,0.49365906412358945
Pythia-410M,arxiv,gptq-b3-gs128-da0,_scratch_ar7789_llm_quant_saved_qmodels_tmp_EleutherAI_pythia-410m-deduped-gptq-b3-gs128-da0,0.5301894448622736
Pythia-410M,arxiv,gptq-b8-gs128-da0,_scratch_ar7789_llm_quant_saved_qmodels_tmp_EleutherAI_pythia-410m-deduped-gptq-b8-gs128-da0,0.5563217921750157
Pythia-410M,arxiv,gptq-b3-gs128-da1,_scratch_ar7789_llm_quant_saved_qmodels_tmp_EleutherAI_pythia-410m-deduped-gptq-b3-gs128-da1,0.5829508262105874
Pythia-410M,arxiv,gptq-b4-gs32-da0,_scratch_ar7789_llm_quant_saved_qmodels_tmp_EleutherAI_pythia-410m-deduped-gptq-b4-gs32-da0,0.6020046618666761
Pythia-410M,arxiv,gptq-b3-gs-1-da1,_scratch_ar7789_llm_quant_saved_qmodels_tmp_EleutherAI_pythia-410m-deduped-gptq-b3-gs-1-da1,0.6096079358630396
Pythia-410M,arxiv,gptq-b4-gs64-da1,_scratch_ar7789_llm_quant_saved_qmodels_tmp_EleutherAI_pythia-410m-deduped-gptq-b4-gs64-da1,0.6175598459977362
Pythia-410M,arxiv,gptq-b8-gs32-da0,_scratch_ar7789_llm_quant_saved_qmodels_tmp_EleutherAI_pythia-410m-deduped-gptq-b8-gs32-da0,0.6296964203993389
Pythia-410M,arxiv,gptq-b2-gs-1-da0,_scratch_ar7789_llm_quant_saved_qmodels_tmp_EleutherAI_pythia-410m-deduped-gptq-b2-gs-1-da0,0.6320081224527796
Pythia-410M,arxiv,EleutherAI_pythia-410m-deduped,EleutherAI_pythia-410m-deduped,0.6388411102289171
Pythia-410M,arxiv,gptq-b3-gs64-da0,_scratch_ar7789_llm_quant_saved_qmodels_tmp_EleutherAI_pythia-410m-deduped-gptq-b3-gs64-da0,0.6528579381161987
Pythia-410M,arxiv,gptq-b4-gs-1-da1,_scratch_ar7789_llm_quant_saved_qmodels_tmp_EleutherAI_pythia-410m-deduped-gptq-b4-gs-1-da1,0.6713254784793865
Pythia-410M,arxiv,gptq-b4-gs-1-da0,_scratch_ar7789_llm_quant_saved_qmodels_tmp_EleutherAI_pythia-410m-deduped-gptq-b4-gs-1-da0,0.6731309884970382
Pythia-410M,arxiv,gptq-b2-gs32-da1,_scratch_ar7789_llm_quant_saved_qmodels_tmp_EleutherAI_pythia-410m-deduped-gptq-b2-gs32-da1,0.6749540653716638
Pythia-410M,arxiv,gptq-b8-gs64-da0,_scratch_ar7789_llm_quant_saved_qmodels_tmp_EleutherAI_pythia-410m-deduped-gptq-b8-gs64-da0,0.6750619110406556
Pythia-410M,arxiv,gptq-b3-gs64-da1,_scratch_ar7789_llm_quant_saved_qmodels_tmp_EleutherAI_pythia-410m-deduped-gptq-b3-gs64-da1,0.6768025335216504
Pythia-410M,arxiv,gptq-b4-gs64-da0,_scratch_ar7789_llm_quant_saved_qmodels_tmp_EleutherAI_pythia-410m-deduped-gptq-b4-gs64-da0,0.6867894049255988
Pythia-410M,arxiv,gptq-b8-gs128-da1,_scratch_ar7789_llm_quant_saved_qmodels_tmp_EleutherAI_pythia-410m-deduped-gptq-b8-gs128-da1,0.7027816592718831
Pythia-410M,arxiv,gptq-b2-gs64-da0,_scratch_ar7789_llm_quant_saved_qmodels_tmp_EleutherAI_pythia-410m-deduped-gptq-b2-gs64-da0,0.71880423914473
Pythia-410M,arxiv,gptq-b8-gs-1-da0,_scratch_ar7789_llm_quant_saved_qmodels_tmp_EleutherAI_pythia-410m-deduped-gptq-b8-gs-1-da0,0.7230668112886057
Pythia-410M,arxiv,gptq-b3-gs32-da0,_scratch_ar7789_llm_quant_saved_qmodels_tmp_EleutherAI_pythia-410m-deduped-gptq-b3-gs32-da0,0.7343973650429014
Pythia-410M,arxiv,gptq-b2-gs32-da0,_scratch_ar7789_llm_quant_saved_qmodels_tmp_EleutherAI_pythia-410m-deduped-gptq-b2-gs32-da0,0.7573439797526651
Pythia-410M,arxiv,gptq-b3-gs-1-da0,_scratch_ar7789_llm_quant_saved_qmodels_tmp_EleutherAI_pythia-410m-deduped-gptq-b3-gs-1-da0,0.7964929997292787
Pythia-410M,arxiv,gptq-b4-gs128-da0,_scratch_ar7789_llm_quant_saved_qmodels_tmp_EleutherAI_pythia-410m-deduped-gptq-b4-gs128-da0,0.7986826860592543
Pythia-410M,arxiv,gptq-b3-gs32-da1,_scratch_ar7789_llm_quant_saved_qmodels_tmp_EleutherAI_pythia-410m-deduped-gptq-b3-gs32-da1,0.8118274051570303
Pythia-410M,arxiv,gptq-b2-gs128-da0,_scratch_ar7789_llm_quant_saved_qmodels_tmp_EleutherAI_pythia-410m-deduped-gptq-b2-gs128-da0,0.8610949476624639
Pythia-410M,arxiv,gptq-b2-gs64-da1,_scratch_ar7789_llm_quant_saved_qmodels_tmp_EleutherAI_pythia-410m-deduped-gptq-b2-gs64-da1,0.8890814833892051
Pythia-410M,arxiv,gptq-b2-gs-1-da1,_scratch_ar7789_llm_quant_saved_qmodels_tmp_EleutherAI_pythia-410m-deduped-gptq-b2-gs-1-da1,0.9237145591761026
Pythia-410M,arxiv,gptq-b2-gs128-da1,_scratch_ar7789_llm_quant_saved_qmodels_tmp_EleutherAI_pythia-410m-deduped-gptq-b2-gs128-da1,0.9485309705841193
Pythia-410M,bookcorpus2,gptq-b8-gs128-da1,_scratch_ar7789_llm_quant_saved_qmodels_tmp_EleutherAI_pythia-410m-deduped-gptq-b8-gs128-da1,2.319421073571632e-12
Pythia-410M,books3,gptq-b8-gs128-da1,_scratch_ar7789_llm_quant_saved_qmodels_tmp_EleutherAI_pythia-410m-deduped-gptq-b8-gs128-da1,0.0008416522387256197
Pythia-410M,cc,gptq-b8-gs128-da0,_scratch_ar7789_llm_quant_saved_qmodels_tmp_EleutherAI_pythia-410m-deduped-gptq-b8-gs128-da0,0.07570972623009527
Pythia-410M,cc,gptq-b8-gs32-da0,_scratch_ar7789_llm_quant_saved_qmodels_tmp_EleutherAI_pythia-410m-deduped-gptq-b8-gs32-da0,0.12975877989930187
Pythia-410M,cc,gptq-b8-gs-1-da1,_scratch_ar7789_llm_quant_saved_qmodels_tmp_EleutherAI_pythia-410m-deduped-gptq-b8-gs-1-da1,0.13916812519547964
Pythia-410M,cc,gptq-b8-gs64-da1,_scratch_ar7789_llm_quant_saved_qmodels_tmp_EleutherAI_pythia-410m-deduped-gptq-b8-gs64-da1,0.142152596651621
Pythia-410M,cc,gptq-b8-gs64-da0,_scratch_ar7789_llm_quant_saved_qmodels_tmp_EleutherAI_pythia-410m-deduped-gptq-b8-gs64-da0,0.16132585846801242
Pythia-410M,cc,gptq-b2-gs64-da0,_scratch_ar7789_llm_quant_saved_qmodels_tmp_EleutherAI_pythia-410m-deduped-gptq-b2-gs64-da0,0.201002536419899
Pythia-410M,cc,gptq-b4-gs64-da1,_scratch_ar7789_llm_quant_saved_qmodels_tmp_EleutherAI_pythia-410m-deduped-gptq-b4-gs64-da1,0.2400689368468884
Pythia-410M,cc,gptq-b4-gs-1-da0,_scratch_ar7789_llm_quant_saved_qmodels_tmp_EleutherAI_pythia-410m-deduped-gptq-b4-gs-1-da0,0.24517638309106907
Pythia-410M,cc,gptq-b4-gs32-da0,_scratch_ar7789_llm_quant_saved_qmodels_tmp_EleutherAI_pythia-410m-deduped-gptq-b4-gs32-da0,0.24776463581109573
Pythia-410M,cc,EleutherAI_pythia-410m-deduped,EleutherAI_pythia-410m-deduped,0.27382040363418403
Pythia-410M,cc,gptq-b2-gs-1-da0,_scratch_ar7789_llm_quant_saved_qmodels_tmp_EleutherAI_pythia-410m-deduped-gptq-b2-gs-1-da0,0.282473665825241
Pythia-410M,cc,gptq-b3-gs128-da0,_scratch_ar7789_llm_quant_saved_qmodels_tmp_EleutherAI_pythia-410m-deduped-gptq-b3-gs128-da0,0.2861517020082814
Pythia-410M,cc,gptq-b8-gs128-da1,_scratch_ar7789_llm_quant_saved_qmodels_tmp_EleutherAI_pythia-410m-deduped-gptq-b8-gs128-da1,0.29256357944600103
Pythia-410M,cc,gptq-b2-gs32-da0,_scratch_ar7789_llm_quant_saved_qmodels_tmp_EleutherAI_pythia-410m-deduped-gptq-b2-gs32-da0,0.32239884615969217
Pythia-410M,cc,gptq-b2-gs128-da0,_scratch_ar7789_llm_quant_saved_qmodels_tmp_EleutherAI_pythia-410m-deduped-gptq-b2-gs128-da0,0.324888846967212
Pythia-410M,cc,gptq-b4-gs-1-da1,_scratch_ar7789_llm_quant_saved_qmodels_tmp_EleutherAI_pythia-410m-deduped-gptq-b4-gs-1-da1,0.33151204205227897
Pythia-410M,cc,gptq-b8-gs-1-da0,_scratch_ar7789_llm_quant_saved_qmodels_tmp_EleutherAI_pythia-410m-deduped-gptq-b8-gs-1-da0,0.3378583515493471
Pythia-410M,cc,gptq-b3-gs32-da1,_scratch_ar7789_llm_quant_saved_qmodels_tmp_EleutherAI_pythia-410m-deduped-gptq-b3-gs32-da1,0.35612688863326525
Pythia-410M,cc,gptq-b4-gs128-da0,_scratch_ar7789_llm_quant_saved_qmodels_tmp_EleutherAI_pythia-410m-deduped-gptq-b4-gs128-da0,0.35872525999916716
Pythia-410M,cc,gptq-b2-gs32-da1,_scratch_ar7789_llm_quant_saved_qmodels_tmp_EleutherAI_pythia-410m-deduped-gptq-b2-gs32-da1,0.37306122434160544
Pythia-410M,cc,gptq-b4-gs64-da0,_scratch_ar7789_llm_quant_saved_qmodels_tmp_EleutherAI_pythia-410m-deduped-gptq-b4-gs64-da0,0.3955696913609396
Pythia-410M,cc,gptq-b3-gs32-da0,_scratch_ar7789_llm_quant_saved_qmodels_tmp_EleutherAI_pythia-410m-deduped-gptq-b3-gs32-da0,0.3990809030426487
Pythia-410M,cc,gptq-b3-gs64-da1,_scratch_ar7789_llm_quant_saved_qmodels_tmp_EleutherAI_pythia-410m-deduped-gptq-b3-gs64-da1,0.42142627150986883
Pythia-410M,cc,gptq-b4-gs32-da1,_scratch_ar7789_llm_quant_saved_qmodels_tmp_EleutherAI_pythia-410m-deduped-gptq-b4-gs32-da1,0.4364603483913639
Pythia-410M,cc,gptq-b3-gs128-da1,_scratch_ar7789_llm_quant_saved_qmodels_tmp_EleutherAI_pythia-410m-deduped-gptq-b3-gs128-da1,0.44803870785499794
Pythia-410M,cc,gptq-b8-gs32-da1,_scratch_ar7789_llm_quant_saved_qmodels_tmp_EleutherAI_pythia-410m-deduped-gptq-b8-gs32-da1,0.4694501638852511
Pythia-410M,cc,gptq-b3-gs64-da0,_scratch_ar7789_llm_quant_saved_qmodels_tmp_EleutherAI_pythia-410m-deduped-gptq-b3-gs64-da0,0.4985369245038712
Pythia-410M,cc,gptq-b3-gs-1-da0,_scratch_ar7789_llm_quant_saved_qmodels_tmp_EleutherAI_pythia-410m-deduped-gptq-b3-gs-1-da0,0.5034749629786486
Pythia-410M,cc,gptq-b4-gs128-da1,_scratch_ar7789_llm_quant_saved_qmodels_tmp_EleutherAI_pythia-410m-deduped-gptq-b4-gs128-da1,0.5122587300567661
Pythia-410M,cc,gptq-b2-gs128-da1,_scratch_ar7789_llm_quant_saved_qmodels_tmp_EleutherAI_pythia-410m-deduped-gptq-b2-gs128-da1,0.519442316251675
Pythia-410M,cc,gptq-b2-gs64-da1,_scratch_ar7789_llm_quant_saved_qmodels_tmp_EleutherAI_pythia-410m-deduped-gptq-b2-gs64-da1,0.5468927734459953
Pythia-410M,cc,gptq-b3-gs-1-da1,_scratch_ar7789_llm_quant_saved_qmodels_tmp_EleutherAI_pythia-410m-deduped-gptq-b3-gs-1-da1,0.6294474309632738
Pythia-410M,cc,gptq-b2-gs-1-da1,_scratch_ar7789_llm_quant_saved_qmodels_tmp_EleutherAI_pythia-410m-deduped-gptq-b2-gs-1-da1,0.6312590368296406
Pythia-410M,europarl,gptq-b8-gs128-da1,_scratch_ar7789_llm_quant_saved_qmodels_tmp_EleutherAI_pythia-410m-deduped-gptq-b8-gs128-da1,4.8932150812433914e-11
Pythia-410M,freelaw,gptq-b8-gs128-da1,_scratch_ar7789_llm_quant_saved_qmodels_tmp_EleutherAI_pythia-410m-deduped-gptq-b8-gs128-da1,0.20245009654565083
Pythia-410M,github,gptq-b8-gs32-da1,_scratch_ar7789_llm_quant_saved_qmodels_tmp_EleutherAI_pythia-410m-deduped-gptq-b8-gs32-da1,0.0008875837531287765
Pythia-410M,github,gptq-b4-gs32-da1,_scratch_ar7789_llm_quant_saved_qmodels_tmp_EleutherAI_pythia-410m-deduped-gptq-b4-gs32-da1,0.005156094885514872
Pythia-410M,github,gptq-b4-gs-1-da1,_scratch_ar7789_llm_quant_saved_qmodels_tmp_EleutherAI_pythia-410m-deduped-gptq-b4-gs-1-da1,0.00963870730924746
Pythia-410M,github,EleutherAI_pythia-410m-deduped,EleutherAI_pythia-410m-deduped,0.010060769198752244
Pythia-410M,github,gptq-b2-gs64-da0,_scratch_ar7789_llm_quant_saved_qmodels_tmp_EleutherAI_pythia-410m-deduped-gptq-b2-gs64-da0,0.011706351382172624
Pythia-410M,github,gptq-b8-gs128-da1,_scratch_ar7789_llm_quant_saved_qmodels_tmp_EleutherAI_pythia-410m-deduped-gptq-b8-gs128-da1,0.01977774300560624
Pythia-410M,github,gptq-b2-gs32-da0,_scratch_ar7789_llm_quant_saved_qmodels_tmp_EleutherAI_pythia-410m-deduped-gptq-b2-gs32-da0,0.02080656431037075
Pythia-410M,github,gptq-b8-gs-1-da0,_scratch_ar7789_llm_quant_saved_qmodels_tmp_EleutherAI_pythia-410m-deduped-gptq-b8-gs-1-da0,0.022139118686238274
Pythia-410M,github,gptq-b8-gs128-da0,_scratch_ar7789_llm_quant_saved_qmodels_tmp_EleutherAI_pythia-410m-deduped-gptq-b8-gs128-da0,0.0265729690414382
Pythia-410M,github,gptq-b2-gs32-da1,_scratch_ar7789_llm_quant_saved_qmodels_tmp_EleutherAI_pythia-410m-deduped-gptq-b2-gs32-da1,0.02657449934356751
Pythia-410M,github,gptq-b2-gs-1-da1,_scratch_ar7789_llm_quant_saved_qmodels_tmp_EleutherAI_pythia-410m-deduped-gptq-b2-gs-1-da1,0.02911138782720001
Pythia-410M,github,gptq-b8-gs32-da0,_scratch_ar7789_llm_quant_saved_qmodels_tmp_EleutherAI_pythia-410m-deduped-gptq-b8-gs32-da0,0.03130513079330314
Pythia-410M,github,gptq-b4-gs128-da0,_scratch_ar7789_llm_quant_saved_qmodels_tmp_EleutherAI_pythia-410m-deduped-gptq-b4-gs128-da0,0.042483273945772566
Pythia-410M,github,gptq-b8-gs-1-da1,_scratch_ar7789_llm_quant_saved_qmodels_tmp_EleutherAI_pythia-410m-deduped-gptq-b8-gs-1-da1,0.04489105025253096
Pythia-410M,github,gptq-b4-gs32-da0,_scratch_ar7789_llm_quant_saved_qmodels_tmp_EleutherAI_pythia-410m-deduped-gptq-b4-gs32-da0,0.04784519487140034
Pythia-410M,github,gptq-b8-gs64-da0,_scratch_ar7789_llm_quant_saved_qmodels_tmp_EleutherAI_pythia-410m-deduped-gptq-b8-gs64-da0,0.04872872440638941
Pythia-410M,github,gptq-b2-gs128-da1,_scratch_ar7789_llm_quant_saved_qmodels_tmp_EleutherAI_pythia-410m-deduped-gptq-b2-gs128-da1,0.0593882357105749
Pythia-410M,github,gptq-b4-gs64-da0,_scratch_ar7789_llm_quant_saved_qmodels_tmp_EleutherAI_pythia-410m-deduped-gptq-b4-gs64-da0,0.06191331261703541
Pythia-410M,github,gptq-b4-gs64-da1,_scratch_ar7789_llm_quant_saved_qmodels_tmp_EleutherAI_pythia-410m-deduped-gptq-b4-gs64-da1,0.06699690980864209
Pythia-410M,github,gptq-b3-gs128-da0,_scratch_ar7789_llm_quant_saved_qmodels_tmp_EleutherAI_pythia-410m-deduped-gptq-b3-gs128-da0,0.06978569792034164
Pythia-410M,github,gptq-b8-gs64-da1,_scratch_ar7789_llm_quant_saved_qmodels_tmp_EleutherAI_pythia-410m-deduped-gptq-b8-gs64-da1,0.08130244399498934
Pythia-410M,github,gptq-b4-gs128-da1,_scratch_ar7789_llm_quant_saved_qmodels_tmp_EleutherAI_pythia-410m-deduped-gptq-b4-gs128-da1,0.08451594504381232
Pythia-410M,github,gptq-b3-gs32-da0,_scratch_ar7789_llm_quant_saved_qmodels_tmp_EleutherAI_pythia-410m-deduped-gptq-b3-gs32-da0,0.08928449876148489
Pythia-410M,github,gptq-b4-gs-1-da0,_scratch_ar7789_llm_quant_saved_qmodels_tmp_EleutherAI_pythia-410m-deduped-gptq-b4-gs-1-da0,0.1423151840129329
Pythia-410M,github,gptq-b2-gs64-da1,_scratch_ar7789_llm_quant_saved_qmodels_tmp_EleutherAI_pythia-410m-deduped-gptq-b2-gs64-da1,0.15449403117162577
Pythia-410M,github,gptq-b3-gs-1-da0,_scratch_ar7789_llm_quant_saved_qmodels_tmp_EleutherAI_pythia-410m-deduped-gptq-b3-gs-1-da0,0.212575210387855
Pythia-410M,github,gptq-b3-gs128-da1,_scratch_ar7789_llm_quant_saved_qmodels_tmp_EleutherAI_pythia-410m-deduped-gptq-b3-gs128-da1,0.21711120938495654
Pythia-410M,github,gptq-b2-gs-1-da0,_scratch_ar7789_llm_quant_saved_qmodels_tmp_EleutherAI_pythia-410m-deduped-gptq-b2-gs-1-da0,0.23067118871724185
Pythia-410M,github,gptq-b2-gs128-da0,_scratch_ar7789_llm_quant_saved_qmodels_tmp_EleutherAI_pythia-410m-deduped-gptq-b2-gs128-da0,0.25304129418826377
Pythia-410M,github,gptq-b3-gs64-da1,_scratch_ar7789_llm_quant_saved_qmodels_tmp_EleutherAI_pythia-410m-deduped-gptq-b3-gs64-da1,0.2908055524192604
Pythia-410M,github,gptq-b3-gs32-da1,_scratch_ar7789_llm_quant_saved_qmodels_tmp_EleutherAI_pythia-410m-deduped-gptq-b3-gs32-da1,0.3151224222679797
Pythia-410M,github,gptq-b3-gs-1-da1,_scratch_ar7789_llm_quant_saved_qmodels_tmp_EleutherAI_pythia-410m-deduped-gptq-b3-gs-1-da1,0.37280156443065765
Pythia-410M,github,gptq-b3-gs64-da0,_scratch_ar7789_llm_quant_saved_qmodels_tmp_EleutherAI_pythia-410m-deduped-gptq-b3-gs64-da0,0.4042262807448549
Pythia-410M,gutenberg,gptq-b8-gs128-da1,_scratch_ar7789_llm_quant_saved_qmodels_tmp_EleutherAI_pythia-410m-deduped-gptq-b8-gs128-da1,0.0001910960278645818
Pythia-410M,hackernews,gptq-b8-gs128-da1,_scratch_ar7789_llm_quant_saved_qmodels_tmp_EleutherAI_pythia-410m-deduped-gptq-b8-gs128-da1,0.0005667607179975023
Pythia-410M,math,gptq-b8-gs128-da1,_scratch_ar7789_llm_quant_saved_qmodels_tmp_EleutherAI_pythia-410m-deduped-gptq-b8-gs128-da1,0.025813474871236742
Pythia-410M,opensubtitles,gptq-b8-gs128-da1,_scratch_ar7789_llm_quant_saved_qmodels_tmp_EleutherAI_pythia-410m-deduped-gptq-b8-gs128-da1,0.7008218557536183
Pythia-410M,openwebtext2,gptq-b8-gs128-da1,_scratch_ar7789_llm_quant_saved_qmodels_tmp_EleutherAI_pythia-410m-deduped-gptq-b8-gs128-da1,0.08457196274276267
Pythia-410M,philpapers,gptq-b8-gs128-da1,_scratch_ar7789_llm_quant_saved_qmodels_tmp_EleutherAI_pythia-410m-deduped-gptq-b8-gs128-da1,7.907628538822048e-44
